DELETE FROM eap_menu;
insert  into `eap_menu`(`id`,`CODE`,`NAME`,`appName`,`appProps`,`showOrder`,`parentId`,`userId`,`createTime`,`updateTime`) values (10,'10','个人设置','mk-app-my-setting','',1,0,NULL,NULL,NULL),(11,'11','开发工具','mk-app-devtools','',2,0,NULL,NULL,NULL),(20,'20','预置数据','','',3,0,NULL,NULL,NULL),(30,'30','系统管理','','',4,0,NULL,NULL,NULL),(40,'40','流水账2.0','','',5,0,NULL,NULL,NULL),(201,'201','菜单预置','mk-app-portal-menu','',1,20,NULL,NULL,NULL),(202,'202','功能类型','mk-app-operation','',2,20,NULL,NULL,NULL),(203,'203','角色预置','mk-app-role-auth','',3,20,NULL,NULL,NULL),(204,'204','枚举预置','mk-app-enum','',4,20,NULL,NULL,NULL),(205,'205','栏目预置','mk-app-column','',5,20,NULL,NULL,NULL),(206,'206','单据测试','mk-app-voucher','',6,20,NULL,NULL,NULL),(301,'301','用户管理','mk-app-user-list','',2,30,NULL,NULL,NULL),(401,'401','演示demo','scm-demo','',1,40,NULL,NULL,NULL),(3420905340601344,'50','凭证管理',NULL,NULL,0,0,NULL,NULL,NULL),(3420908908315648,'501','记账凭证','mk-app-proof-of-charge',NULL,1,3420905340601344,NULL,NULL,NULL);

DELETE FROM eap_operation WHERE id IN ('100','900');
INSERT  INTO `eap_operation`(`id`,`NAME`,`parentId`,`dependentId`,`isEndNode`) VALUES (100,'查看',NULL,NULL,1),(900,'操作',NULL,100,1);

DELETE FROM eap_role WHERE id IN ('1','2','3');
INSERT  INTO `eap_role`(`id`,`CODE`,`NAME`,`createTime`,`updateTime`,`memo`) VALUES (1,'001','系统管理员','2017-09-14 15:11:32',NULL,NULL),(2,'002','会计','2017-09-14 15:12:44',NULL,NULL),(3,'003','出纳','2017-09-14 15:13:00',NULL,NULL);

DELETE FROM eap_enum_detail WHERE enumid IN (SELECT id FROM eap_enum WHERE CODE IN ('fieldType','alignType','orderMode'));
insert  into `eap_enum_detail`(`id`,`enumId`,`NAME`,`CODE`) values (3336426068509696,3336424919598080,'字符','string'),(3336426529752064,3336424919598080,'数值','decimal'),(3336426951017472,3336424919598080,'日期','datatime'),(3336427573347328,3336424919598080,'布尔','boolean'),(3336430178272256,3336429580387328,'左对齐','01'),(3336430612710400,3336429580387328,'居中对齐','02'),(3336431096759296,3336429580387328,'右对齐','03'),(3336434092803072,3336433541776384,'升序','01'),(3336434455544832,3336433541776384,'降序','02'),(3392456321598464,3336424919598080,'枚举','enum');

DELETE FROM eap_enum WHERE CODE IN ('fieldType','alignType','orderMode');
INSERT  INTO `eap_enum`(`id`,`code`,`name`) VALUES (3336424919598080,'fieldType','字段类型'),(3336429580387328,'alignType','对齐方式'),(3336433541776384,'orderMode','排序方式');

DELETE FROM eap_column_detail WHERE columnid IN (SELECT id FROM eap_column WHERE CODE IN ('menuList','enumList','userList','columnList'));
insert  into `eap_column_detail`(`id`,`columnId`,`fieldName`,`caption`,`idFieldType`,`width`,`defPrecision`,`idAlignType`,`colIndex`,`idOrderMode`,`isFixed`,`isVisible`,`isMustSelect`,`isSystem`) values (3336878207665152,3336333117359104,'code','编号','3336426068509696',200,0,'3336430612710400',1,'3336434092803072',0,1,1,0),(3336934711690240,3336333117359104,'name','名称','3336426068509696',200,0,'3336430612710400',2,'3336434092803072',0,1,1,0),(3340724764017664,3336333820953600,'code','编码','3336426068509696',200,0,'3336430612710400',1,'3336434092803072',0,1,1,0),(3340727366386688,3336333820953600,'name','名称','3336426068509696',200,0,'3336430612710400',2,'3336434092803072',0,1,1,0),(3341603348349952,3336333117359104,'appName','应用名称','3336426068509696',300,0,'3336430612710400',3,'3336434092803072',0,1,1,0),(3341605895078912,3336333117359104,'appProps','参数','3336426068509696',100,0,'3336430612710400',4,'3336434092803072',0,0,0,0),(3341611007280128,3336338040488960,'nickname','姓名','3336426068509696',200,0,'3336430612710400',1,'3336434092803072',0,1,1,0),(3341612707087360,3336338040488960,'sex','性别','3336426068509696',200,0,'3336430612710400',2,'3336434092803072',0,1,1,0),(3341615357232128,3336338040488960,'mobile','手机','3336426068509696',200,0,'3336430612710400',3,'3336434092803072',0,1,0,0),(3341618073961472,3336338040488960,'birthday','生日','3336426068509696',200,0,'3336430612710400',4,'3336434092803072',0,1,0,0),(3386248999535616,3386220469748736,'fieldName','字段名称','3336426068509696',100,NULL,'3336430178272256',1,'3336434092803072',0,1,1,0),(3386250680927232,3386220469748736,'caption','字段标题','3336426068509696',90,NULL,'3336430178272256',2,'3336434092803072',0,1,1,0),(3392305682842624,3386220469748736,'fieldType','字段类型','3392456321598464',70,NULL,'3336430612710400',3,'3336434092803072',0,1,0,0),(3392323469575168,3386220469748736,'width','宽度','3336426529752064',50,0,'3336430612710400',4,'3336434092803072',0,1,0,0),(3392325530354688,3386220469748736,'defPrecision','默认精度','3336426529752064',50,0,'3336430178272256',5,'3336434092803072',0,1,0,0),(3392328414200832,3386220469748736,'alignType','对齐方式','3392456321598464',70,NULL,'3336430612710400',6,'3336434092803072',0,1,0,0),(3392330184000512,3386220469748736,'colIndex','显示顺序','3336426529752064',50,0,'3336430178272256',7,'3336434092803072',0,1,0,0),(3392332352717824,3386220469748736,'orderMode','排序方式','3392456321598464',70,NULL,'3336430612710400',8,'3336434092803072',0,1,0,0),(3392334014448640,3386220469748736,'isFixed','是否固定列','3336427573347328',50,NULL,'3336430612710400',9,'3336434092803072',0,1,0,0),(3392336289137664,3386220469748736,'isVisible','是否显示','3336427573347328',50,NULL,'3336430612710400',10,'3336434092803072',0,1,0,0),(3392338683036672,3386220469748736,'isMustSelect','是否必选','3336427573347328',50,NULL,'3336430612710400',11,'3336434092803072',0,1,0,0),(3392340424721408,3386220469748736,'isSystem','是否系统字段','3336427573347328',70,NULL,'3336430612710400',12,'3336434092803072',0,1,0,0);

DELETE FROM eap_column WHERE CODE IN ('menuList','enumList','userList','columnList');
insert  into `eap_column`(`id`,`CODE`,`NAME`,`isDefault`,`userId`,`createTime`,`updateTime`) values (3336333117359104,'menuList','菜单栏目方案',1,3183835190526976,NULL,NULL),(3336333820953600,'enumList','枚举栏目方案',1,3183835190526976,NULL,NULL),(3336338040488960,'userList','用户栏目方案',1,3183835190526976,NULL,NULL),(3386220469748736,'columnList','栏目栏目方案',1,3183835190526976,NULL,NULL);
#先预制13 工业科目
delete from fi_account where orgId = 0 and accountingStandardsId = 19 and industryId = 1;
insert into `fi_account` (`orgId`, `id`, `parentId`, `grade`, `isEndNode`, `accountTypeId`, `code`, `name`, `gradeName`, `helpCode`, `balanceDirection`, `cashTypeId`, `isAuxAccCalc`, `isAuxAccDepartment`, `isAuxAccPerson`, `isAuxAccCustomer`, `isAuxAccSupplier`, `isAuxAccInventory`, `isAuxAccProject`, `isAuxAccBankAccount`, `isQuantityCalc`, `unitId`, `isMultiCalc`, `currencyId`, `status`, `isSystem`, `accountingStandardsId`, `industryId`, `ts`, `isSmallScaleUse`, `bankId`, `isIncidentalAcc`, `investorId`, `isAuxAccLevyAndRetreat`, `isAuxAccInputTax`) values
('0','50001',NULL,'1','','88','1001','库存现金','库存现金','KCXJ','','94','','','','','','','','','',NULL,'',NULL,'','','19','1','2017-08-22 09:32:24',NULL,'4','',NULL,NULL,''),
('0','50002',NULL,'1','','88','1002','银行存款','银行存款','YXCK','','96','','','','','','','','','',NULL,'',NULL,'','','19','1','2017-08-22 09:32:24',NULL,NULL,'',NULL,NULL,''),
('0','50003',NULL,'1','','88','1012','其他货币资金','其他货币资金','QTHBZJ','','95','','','','','','','','','',NULL,'',NULL,'','','19','1','2017-08-22 09:32:24',NULL,NULL,'',NULL,NULL,''),
('0','50004',NULL,'1','','88','1101','短期投资','短期投资','DQTZ','','97','','','','','','','','','',NULL,'',NULL,'','','19','1','2017-08-22 09:32:24',NULL,NULL,'',NULL,NULL,''),
('0','50005',NULL,'1','','88','1121','应收票据','应收票据','YSPJ','','97','','','','','','','','','',NULL,'',NULL,'','','19','1','2017-08-22 09:32:24',NULL,NULL,'',NULL,NULL,''),
('0','50006',NULL,'1','','88','1122','应收账款','应收账款','YSZK','','97','','','','','','','','','',NULL,'',NULL,'','','19','1','2017-08-22 09:32:24',NULL,NULL,'',NULL,NULL,''),
('0','50007',NULL,'1','','88','1123','预付账款','预付账款','YFZK','','97','','','','','','','','','',NULL,'',NULL,'','','19','1','2017-08-22 09:32:24',NULL,NULL,'',NULL,NULL,''),
('0','50008',NULL,'1','','88','1131','应收股利','应收股利','YSGL','','97','','','','','','','','','',NULL,'',NULL,'','','19','1','2017-08-22 09:32:24',NULL,NULL,'',NULL,NULL,''),
('0','50009',NULL,'1','','88','1132','应收利息','应收利息','YSLX','','97','','','','','','','','','',NULL,'',NULL,'','','19','1','2017-08-22 09:32:24',NULL,NULL,'',NULL,NULL,''),
('0','50010',NULL,'1','','88','1221','其他应收款','其他应收款','QTYSK','','97','','','','','','','','','',NULL,'',NULL,'','','19','1','2017-08-22 09:32:24',NULL,NULL,'',NULL,NULL,''),
('0','50011',NULL,'1','','88','1401','材料采购','材料采购','CLCG','','97','','','','','','','','','',NULL,'',NULL,'','','19','1','2017-08-22 09:32:24',NULL,NULL,'',NULL,NULL,''),
('0','50012',NULL,'1','','88','1402','在途物资','在途物资','ZTWZ','','97','','','','','','','','','',NULL,'',NULL,'','','19','1','2017-08-22 09:32:24',NULL,NULL,'',NULL,NULL,''),
('0','50013',NULL,'1','','88','1403','原材料','原材料','YCL','','97','','','','','','','','','',NULL,'',NULL,'','','19','1','2017-08-22 09:32:24',NULL,NULL,'',NULL,NULL,''),
('0','50014',NULL,'1','','88','1404','材料成本差异','材料成本差异','CLCBCY','','97','','','','','','','','','',NULL,'',NULL,'','','19','1','2017-08-22 09:32:24',NULL,NULL,'',NULL,NULL,''),
('0','50015',NULL,'1','','88','1405','库存商品','库存商品','KCSP','','199','','','','','','','','','',NULL,'',NULL,'','','19','1','2017-08-22 09:32:24',NULL,NULL,'',NULL,NULL,''),
('0','50016',NULL,'1','','88','1408','委托加工物资','委托加工物资','WTJGWZ','','97','','','','','','','','','',NULL,'',NULL,'','','19','1','2017-08-22 09:32:24',NULL,NULL,'',NULL,NULL,''),
('0','50017',NULL,'1','','88','1411','周转材料','周转材料','ZZCL','','97','','','','','','','','','',NULL,'',NULL,'','','19','1','2017-08-22 09:32:24',NULL,NULL,'',NULL,NULL,''),
('0','50018',NULL,'1','','88','1421','消耗性生物资产','消耗性生物资产','XHXSWZC','','97','','','','','','','','','','1','',NULL,'','','19','1','2017-08-22 09:32:24',NULL,NULL,'',NULL,NULL,''),
('0','50019',NULL,'1','','88','1501','长期债券投资','长期债券投资','CQZQTZ','','97','','','','','','','','','',NULL,'',NULL,'','','19','1','2017-08-22 09:32:24',NULL,NULL,'',NULL,NULL,''),
('0','50020',NULL,'1','','88','1511','长期股权投资','长期股权投资','CQGQTZ','','350033','','','','','','','','','',NULL,'',NULL,'','','19','1','2017-08-29 14:16:39',NULL,NULL,'',NULL,NULL,''),
('0','50021',NULL,'1','','88','1601','固定资产','固定资产','GDZC','','97','','','','','','','','','',NULL,'',NULL,'','','19','1','2017-08-22 09:32:24',NULL,NULL,'',NULL,NULL,''),
('0','50022',NULL,'1','','88','1602','累计折旧','累计折旧','LJZJ','','97','','','','','','','','','',NULL,'',NULL,'','','19','1','2017-08-22 09:32:24',NULL,NULL,'',NULL,NULL,''),
('0','50023',NULL,'1','','88','1604','在建工程','在建工程','ZJGC','','97','','','','','','','','','',NULL,'',NULL,'','','19','1','2017-08-22 09:32:24',NULL,NULL,'',NULL,NULL,''),
('0','50024',NULL,'1','','88','1605','工程物资','工程物资','GCWZ','','97','','','','','','','','','',NULL,'',NULL,'','','19','1','2017-08-22 09:32:24',NULL,NULL,'',NULL,NULL,''),
('0','50025',NULL,'1','','88','1606','固定资产清理','固定资产清理','GDZCQL','','97','','','','','','','','','',NULL,'',NULL,'','','19','1','2017-08-22 09:32:24',NULL,NULL,'',NULL,NULL,''),
('0','50026',NULL,'1','','88','1621','生产性生物资产','生产性生物资产','SCXSWZC','','97','','','','','','','','','',NULL,'',NULL,'','','19','1','2017-08-22 09:32:24',NULL,NULL,'',NULL,NULL,''),
('0','50027',NULL,'1','','88','1622','生产性生物资产累计折旧','生产性生物资产累计折旧','SCXSWZCLJZJ','','97','','','','','','','','','',NULL,'',NULL,'','','19','1','2017-08-22 09:32:24',NULL,NULL,'',NULL,NULL,''),
('0','50028',NULL,'1','','88','1701','无形资产','无形资产','WXZC','','97','','','','','','','','','',NULL,'',NULL,'','','19','1','2017-08-22 09:32:24',NULL,NULL,'',NULL,NULL,''),
('0','50029',NULL,'1','','88','1702','累计摊销','累计摊销','LJTX','','97','','','','','','','','','',NULL,'',NULL,'','','19','1','2017-08-22 09:32:24',NULL,NULL,'',NULL,NULL,''),
('0','50030',NULL,'1','','88','1801','长期待摊费用','长期待摊费用','CQDTFY','','97','','','','','','','','','',NULL,'',NULL,'','','19','1','2017-08-22 09:32:24',NULL,NULL,'',NULL,NULL,''),
('0','50031',NULL,'1','','88','1901','待处理财产损溢','待处理财产损溢','DCLCCSY','','97','','','','','','','','','',NULL,'',NULL,'','','19','1','2017-08-22 09:32:24',NULL,NULL,'',NULL,NULL,''),
('0','50032',NULL,'1','','89','2001','短期借款','短期借款','DQJK','','97','','','','','','','','','',NULL,'',NULL,'','','19','1','2017-08-22 09:32:24',NULL,NULL,'',NULL,NULL,''),
('0','50033',NULL,'1','','89','2201','应付票据','应付票据','YFPJ','','97','','','','','','','','','',NULL,'',NULL,'','','19','1','2017-08-22 09:32:24',NULL,NULL,'',NULL,NULL,''),
('0','50034',NULL,'1','','89','2202','应付账款','应付账款','YFZK','','97','','','','','','','','','',NULL,'',NULL,'','','19','1','2017-08-22 09:32:24',NULL,NULL,'',NULL,NULL,''),
('0','50035',NULL,'1','','89','2203','预收账款','预收账款','YSZK','','97','','','','','','','','','',NULL,'',NULL,'','','19','1','2017-08-22 09:32:24',NULL,NULL,'',NULL,NULL,''),
('0','50036',NULL,'1','','89','2211','应付职工薪酬','应付职工薪酬','YFZGXC','','97','','','','','','','','','',NULL,'',NULL,'','','19','1','2017-08-22 09:32:24',NULL,NULL,'',NULL,NULL,''),
('0','50037',NULL,'1','','89','2221','应交税费','应交税费','YJSF','','97','','','','','','','','','',NULL,'',NULL,'','','19','1','2017-08-22 09:32:24',NULL,NULL,'',NULL,NULL,''),
('0','50038',NULL,'1','','89','2231','应付利息','应付利息','YFLX','','97','','','','','','','','','',NULL,'',NULL,'','','19','1','2017-08-22 09:32:24',NULL,NULL,'',NULL,NULL,''),
('0','50039',NULL,'1','','89','2232','应付利润','应付利润','YFLR','','97','','','','','','','','','',NULL,'',NULL,'','','19','1','2017-08-22 09:32:24',NULL,NULL,'',NULL,NULL,''),
('0','50040',NULL,'1','','89','2241','其他应付款','其他应付款','QTYFK','','97','','','','','','','','','',NULL,'',NULL,'','','19','1','2017-08-22 09:32:24',NULL,NULL,'',NULL,NULL,''),
('0','50041',NULL,'1','','89','2401','递延收益','递延收益','DYSY','','97','','','','','','','','','',NULL,'',NULL,'','','19','1','2017-08-22 09:32:24',NULL,NULL,'',NULL,NULL,''),
('0','50042',NULL,'1','','89','2501','长期借款','长期借款','CQJK','','97','','','','','','','','','',NULL,'',NULL,'','','19','1','2017-08-22 09:32:24',NULL,NULL,'',NULL,NULL,''),
('0','50043',NULL,'1','','89','2701','长期应付款','长期应付款','CQYFK','','97','','','','','','','','','',NULL,'',NULL,'','','19','1','2017-08-22 09:32:24',NULL,NULL,'',NULL,NULL,''),
('0','50044',NULL,'1','','91','3001','实收资本','实收资本','SSZB','','350024','','','','','','','','','',NULL,'',NULL,'','','19','1','2017-08-22 09:32:24',NULL,NULL,'',NULL,NULL,''),
('0','50045',NULL,'1','','91','3002','资本公积','资本公积','ZBGJ','','97','','','','','','','','','',NULL,'',NULL,'','','19','1','2017-08-22 09:32:24',NULL,NULL,'',NULL,NULL,''),
('0','50046',NULL,'1','','91','3101','盈余公积','盈余公积','YYGJ','','97','','','','','','','','','',NULL,'',NULL,'','','19','1','2017-08-22 09:32:24',NULL,NULL,'',NULL,NULL,''),
('0','50047',NULL,'1','','91','3103','本年利润','本年利润','BNLR','','198','','','','','','','','','',NULL,'',NULL,'','','19','1','2017-08-22 09:32:24',NULL,NULL,'',NULL,NULL,''),
('0','50048',NULL,'1','','91','3104','利润分配','利润分配','LRFP','','97','','','','','','','','','',NULL,'',NULL,'','','19','1','2017-08-22 09:32:24',NULL,NULL,'',NULL,NULL,''),
('0','50049',NULL,'1','','92','4001','生产成本','生产成本','SCCB','','97','','','','','','','','','',NULL,'',NULL,'','','19','1','2017-08-22 09:32:24',NULL,NULL,'',NULL,NULL,''),
('0','50050',NULL,'1','','92','4002','劳务成本','劳务成本','LWCB','','97','','','','','','','','','',NULL,'',NULL,'','','19','1','2017-08-22 09:32:24',NULL,NULL,'',NULL,NULL,''),
('0','50051',NULL,'1','','92','4101','制造费用','制造费用','ZZFY','','97','','','','','','','','','',NULL,'',NULL,'','','19','1','2017-08-22 09:32:24',NULL,NULL,'',NULL,NULL,''),
('0','50052',NULL,'1','','92','4301','研发支出','研发支出','YFZC','','97','','','','','','','','','',NULL,'',NULL,'','','19','1','2017-08-22 09:32:24',NULL,NULL,'',NULL,NULL,''),
('0','50053',NULL,'1','','93','5001','主营业务收入','主营业务收入','ZYYWSR','','200','','','','','','','','','',NULL,'',NULL,'','','19','1','2017-08-22 09:32:24',NULL,NULL,'',NULL,NULL,''),
('0','50054',NULL,'1','','93','5051','其他业务收入','其他业务收入','QTYWSR','','97','','','','','','','','','',NULL,'',NULL,'','','19','1','2017-08-22 09:32:24',NULL,NULL,'',NULL,NULL,''),
('0','50055',NULL,'1','','93','5111','投资收益','投资收益','TZSY','','97','','','','','','','','','',NULL,'',NULL,'','','19','1','2017-08-22 09:32:24',NULL,NULL,'',NULL,NULL,''),
('0','50056',NULL,'1','','93','5301','营业外收入','营业外收入','YYWSR','','97','','','','','','','','','',NULL,'',NULL,'','','19','1','2017-08-22 09:32:24',NULL,NULL,'',NULL,NULL,''),
('0','50057',NULL,'1','','93','5401','主营业务成本','主营业务成本','ZYYWCB','','201','','','','','','','','','',NULL,'',NULL,'','','19','1','2017-08-22 09:32:24',NULL,NULL,'',NULL,NULL,''),
('0','50058',NULL,'1','','93','5402','其他业务成本','其他业务成本','QTYWCB','','97','','','','','','','','','',NULL,'',NULL,'','','19','1','2017-08-22 09:32:24',NULL,NULL,'',NULL,NULL,''),
('0','50059',NULL,'1','','93','5403','税金及附加','税金及附加','SJJFJ','','206','','','','','','','','','',NULL,'',NULL,'','','19','1','2017-08-22 09:32:24',NULL,NULL,'',NULL,NULL,''),
('0','50060',NULL,'1','','93','5601','销售费用','销售费用','XSFY','','97','','','','','','','','','',NULL,'',NULL,'','','19','1','2017-08-22 09:32:24',NULL,NULL,'',NULL,NULL,''),
('0','50061',NULL,'1','','93','5602','管理费用','管理费用','GLFY','','97','','','','','','','','','',NULL,'',NULL,'','','19','1','2017-08-22 09:32:24',NULL,NULL,'',NULL,NULL,''),
('0','50062',NULL,'1','','93','5603','财务费用','财务费用','CWFY','','97','','','','','','','','','',NULL,'',NULL,'','','19','1','2017-08-22 09:32:24',NULL,NULL,'',NULL,NULL,''),
('0','50063',NULL,'1','','93','5711','营业外支出','营业外支出','YYWZC','','97','','','','','','','','','',NULL,'',NULL,'','','19','1','2017-08-22 09:32:24',NULL,NULL,'',NULL,NULL,''),
('0','50064',NULL,'1','','93','5801','所得税费用','所得税费用','SDSFY','','97','','','','','','','','','',NULL,'',NULL,'','','19','1','2017-08-22 09:32:24',NULL,NULL,'',NULL,NULL,''),
('0','50065','50003','2','','88','101201','备用金','其他货币资金-备用金','QTHBZJ-BYJ','','94','','','','','','','','','',NULL,'',NULL,'','','19','1','2017-08-22 09:32:24',NULL,NULL,'',NULL,NULL,''),
('0','50066','50003','2','','88','101202','外埠存款','其他货币资金-外埠存款','QTHBZJ-WBCK','','95','','','','','','','','','',NULL,'',NULL,'','','19','1','2017-08-22 09:32:24',NULL,NULL,'',NULL,NULL,''),
('0','50067','50003','2','','88','101203','银行本票存款','其他货币资金-银行本票存款','QTHBZJ-YXBPCK','','95','','','','','','','','','',NULL,'',NULL,'','','19','1','2017-08-22 09:32:24',NULL,NULL,'',NULL,NULL,''),
('0','50068','50003','2','','88','101204','银行汇票存款','其他货币资金-银行汇票存款','QTHBZJ-YXHPCK','','95','','','','','','','','','',NULL,'',NULL,'','','19','1','2017-08-22 09:32:24',NULL,NULL,'',NULL,NULL,''),
('0','50069','50003','2','','88','101205','信用卡存款','其他货币资金-信用卡存款','QTHBZJ-XYKCK','','95','','','','','','','','','',NULL,'',NULL,'','','19','1','2017-08-22 09:32:24',NULL,NULL,'',NULL,NULL,''),
('0','50070','50003','2','','88','101206','信用保证金存款','其他货币资金-信用保证金存款','QTHBZJ-XYBZJCK','','95','','','','','','','','','',NULL,'',NULL,'','','19','1','2017-08-22 09:32:24',NULL,NULL,'',NULL,NULL,''),
('0','50071','50003','2','','88','101207','存出投资款','其他货币资金-存出投资款','QTHBZJ-CCTZK','','95','','','','','','','','','',NULL,'',NULL,'','','19','1','2017-08-22 09:32:24',NULL,NULL,'',NULL,NULL,''),
('0','50072','50003','2','','88','101209','支付宝','其他货币资金-支付宝','QTHBZJ-ZFB','','95','','','','','','','','','',NULL,'',NULL,'','','19','1','2017-08-22 09:32:24',NULL,'3','',NULL,NULL,''),
('0','50073','50003','2','','88','101210','微信','其他货币资金-微信','QTHBZJ-WX','','95','','','','','','','','','',NULL,'',NULL,'','','19','1','2017-08-22 09:32:24',NULL,'2','',NULL,NULL,''),
('0','50074','50004','2','','88','110101','股票','短期投资-股票','DQTZ-GP','','97','','','','','','','','','',NULL,'',NULL,'','','19','1','2017-08-22 09:32:24',NULL,NULL,'',NULL,NULL,''),
('0','50075','50004','2','','88','110102','债券','短期投资-债券','DQTZ-ZQ','','97','','','','','','','','','',NULL,'',NULL,'','','19','1','2017-08-22 09:32:24',NULL,NULL,'',NULL,NULL,''),
('0','50076','50004','2','','88','110103','基金','短期投资-基金','DQTZ-JJ','','97','','','','','','','','','',NULL,'',NULL,'','','19','1','2017-08-22 09:32:24',NULL,NULL,'',NULL,NULL,''),
('0','50077','50004','2','','88','110110','其它','短期投资-其它','DQTZ-QT','','97','','','','','','','','','',NULL,'',NULL,'','','19','1','2017-08-22 09:32:24',NULL,NULL,'',NULL,NULL,''),
('0','50078','50010','2','','88','122101','员工借款','其他应收款-员工借款','QTYSK-YGJK','','207','','','','','','','','','',NULL,'',NULL,'','','19','1','2017-08-22 09:32:24',NULL,NULL,'',NULL,NULL,''),
('0','50079','50010','2','','88','122102','借款及往来','其他应收款-借款及往来','QTYSK-JKJWL','','208','','','','','','','','','',NULL,'',NULL,'','','19','1','2017-08-22 09:32:24',NULL,NULL,'',NULL,NULL,''),
('0','50080','50017','2','','88','141101','在库','周转材料-在库','ZZCL-ZK','','97','','','','','','','','','',NULL,'',NULL,'','','19','1','2017-08-22 09:32:24',NULL,NULL,'',NULL,NULL,''),
('0','50081','50017','2','','88','141102','在用','周转材料-在用','ZZCL-ZY','','97','','','','','','','','','',NULL,'',NULL,'','','19','1','2017-08-22 09:32:24',NULL,NULL,'',NULL,NULL,''),
('0','50082','50017','2','','88','141103','摊销','周转材料-摊销','ZZCL-TX','','97','','','','','','','','','',NULL,'',NULL,'','','19','1','2017-08-22 09:32:24',NULL,NULL,'',NULL,NULL,''),
('0','50083','50019','2','','88','150101','面值','长期债券投资-面值','CQZQTZ-MZ','','97','','','','','','','','','',NULL,'',NULL,'','','19','1','2017-08-22 09:32:24',NULL,NULL,'',NULL,NULL,''),
('0','50084','50019','2','','88','150102','溢折价','长期债券投资-溢折价','CQZQTZ-YZJ','','97','','','','','','','','','',NULL,'',NULL,'','','19','1','2017-08-22 09:32:24',NULL,NULL,'',NULL,NULL,''),
('0','50085','50021','2','','88','160101','自有固定资产','固定资产-自有固定资产','GDZC-ZYGDZC','','97','','','','','','','','','',NULL,'',NULL,'','','19','1','2017-08-22 09:32:24',NULL,NULL,'',NULL,NULL,''),
('0','50086','50021','2','','88','160102','融资租入固定资产','固定资产-融资租入固定资产','GDZC-RZZRGDZC','','97','','','','','','','','','',NULL,'',NULL,'','','19','1','2017-08-22 09:32:24',NULL,NULL,'',NULL,NULL,''),
('0','50087','50028','2','','88','170101','土地使用权','无形资产-土地使用权','WXZC-TDSYQ','','97','','','','','','','','','',NULL,'',NULL,'','','19','1','2017-08-22 09:32:24',NULL,NULL,'',NULL,NULL,''),
('0','50088','50028','2','','88','170102','专利权','无形资产-专利权','WXZC-ZLQ','','97','','','','','','','','','',NULL,'',NULL,'','','19','1','2017-08-22 09:32:24',NULL,NULL,'',NULL,NULL,''),
('0','50089','50028','2','','88','170103','商标权','无形资产-商标权','WXZC-SBQ','','97','','','','','','','','','',NULL,'',NULL,'','','19','1','2017-08-22 09:32:24',NULL,NULL,'',NULL,NULL,''),
('0','50090','50028','2','','88','170104','著作权','无形资产-著作权','WXZC-ZZQ','','97','','','','','','','','','',NULL,'',NULL,'','','19','1','2017-08-22 09:32:24',NULL,NULL,'',NULL,NULL,''),
('0','50091','50028','2','','88','170105','非专利技术','无形资产-非专利技术','WXZC-FZLJS','','97','','','','','','','','','',NULL,'',NULL,'','','19','1','2017-08-22 09:32:24',NULL,NULL,'',NULL,NULL,''),
('0','50092','50031','2','','88','190101','待处理流动资产损溢','待处理财产损溢-待处理流动资产损溢','DCLCCSY-DCLLDZCSY','','97','','','','','','','','','',NULL,'',NULL,'','','19','1','2017-08-22 09:32:24',NULL,NULL,'',NULL,NULL,''),
('0','50093','50031','2','','88','190102','待处理非流动资产损溢','待处理财产损溢-待处理非流动资产损溢','DCLCCSY-DCLFLDZCSY','','97','','','','','','','','','',NULL,'',NULL,'','','19','1','2017-08-22 09:32:24',NULL,NULL,'',NULL,NULL,''),
('0','50094','50036','2','','89','221101','职工工资','应付职工薪酬-职工工资','YFZGXC-ZGGZ','','97','','','','','','','','','',NULL,'',NULL,'','','19','1','2017-08-22 09:32:24',NULL,NULL,'',NULL,NULL,''),
('0','50095','50036','2','','89','221102','奖金、津贴和补贴','应付职工薪酬-奖金、津贴和补贴','YFZGXC-JJ、JTHBT','','97','','','','','','','','','',NULL,'',NULL,'','','19','1','2017-08-22 09:32:24',NULL,NULL,'',NULL,NULL,''),
('0','50096','50036','2','','89','221103','福利费','应付职工薪酬-福利费','YFZGXC-FLF','','97','','','','','','','','','',NULL,'',NULL,'','','19','1','2017-08-22 09:32:24',NULL,NULL,'',NULL,NULL,''),
('0','50097','50036','2','','89','221104','社会保险费','应付职工薪酬-社会保险费','YFZGXC-SHBXF','','97','','','','','','','','','',NULL,'',NULL,'','','19','1','2017-08-22 09:32:24',NULL,NULL,'',NULL,NULL,''),
('0','50098','50036','2','','89','221105','住房公积金','应付职工薪酬-住房公积金','YFZGXC-ZFGJJ','','97','','','','','','','','','',NULL,'',NULL,'','','19','1','2017-08-22 09:32:24',NULL,NULL,'',NULL,NULL,''),
('0','50099','50036','2','','89','221106','工会经费','应付职工薪酬-工会经费','YFZGXC-GHJF','','97','','','','','','','','','',NULL,'',NULL,'','','19','1','2017-08-22 09:32:24',NULL,NULL,'',NULL,NULL,''),
('0','50100','50036','2','','89','221107','职工教育经费','应付职工薪酬-职工教育经费','YFZGXC-ZGJYJF','','97','','','','','','','','','',NULL,'',NULL,'','','19','1','2017-08-22 09:32:24',NULL,NULL,'',NULL,NULL,''),
('0','50101','50036','2','','89','221108','非货币性福利','应付职工薪酬-非货币性福利','YFZGXC-FHBXFL','','97','','','','','','','','','',NULL,'',NULL,'','','19','1','2017-08-22 09:32:24',NULL,NULL,'',NULL,NULL,''),
('0','50102','50036','2','','89','221109','辞退福利','应付职工薪酬-辞退福利','YFZGXC-CTFL','','97','','','','','','','','','',NULL,'',NULL,'','','19','1','2017-08-22 09:32:24',NULL,NULL,'',NULL,NULL,''),
('0','50103','50036','2','','89','221110','其他应付职工薪酬','应付职工薪酬-其他应付职工薪酬','YFZGXC-QTYFZGXC','','97','','','','','','','','','',NULL,'',NULL,'','','19','1','2017-08-22 09:32:24',NULL,NULL,'',NULL,NULL,''),
('0','50104','50037','2','','89','222101','应交增值税','应交税费-应交增值税','YJSF-YJZZS','','350025','','','','','','','','','',NULL,'',NULL,'','','19','1','2017-08-22 09:32:24',NULL,NULL,'',NULL,NULL,''),
('0','50105','50037','2','','89','222102','未交增值税','应交税费-未交增值税','YJSF-WJZZS','','350022','','','','','','','','','',NULL,'',NULL,'','','19','1','2017-08-31 10:39:22','',NULL,'',NULL,'',''),
('0','50106','50037','2','','89','222103','预交增值税','应交税费-预交增值税','YJSF-YJZZS','','350031','','','','','','','','','',NULL,'',NULL,'','','19','1','2017-08-22 09:32:24','',NULL,'',NULL,NULL,''),
('0','50107','50037','2','','89','222104','待抵扣进项税额','应交税费-待抵扣进项税额','YJSF-DDKJXSE','','97','','','','','','','','','',NULL,'',NULL,'','','19','1','2017-08-22 09:32:24','',NULL,'',NULL,NULL,''),
('0','50108','50037','2','','89','222105','待认证进项税额','应交税费-待认证进项税额','YJSF-DRZJXSE','','97','','','','','','','','','',NULL,'',NULL,'','','19','1','2017-08-22 09:32:24','',NULL,'',NULL,NULL,''),
('0','50109','50037','2','','89','222106','待转销项税额','应交税费-待转销项税额','YJSF-DZXXSE','','97','','','','','','','','','',NULL,'',NULL,'','','19','1','2017-08-22 09:32:24','',NULL,'',NULL,NULL,''),
('0','50110','50037','2','','89','222107','增值税留抵税额','应交税费-增值税留抵税额','YJSF-ZZSLDSE','','97','','','','','','','','','',NULL,'',NULL,'','','19','1','2017-08-22 09:32:24','',NULL,'',NULL,NULL,''),
('0','50111','50037','2','','89','222108','简易计税','应交税费-简易计税','YJSF-JYJS','','350023','','','','','','','','','',NULL,'',NULL,'','','19','1','2017-08-31 10:39:22','',NULL,'',NULL,'',''),
('0','50112','50037','2','','89','222109','转让金融商品应交增值税','应交税费-转让金融商品应交增值税','YJSF-ZRJRSPYJZZS','','97','','','','','','','','','',NULL,'',NULL,'','','19','1','2017-08-22 09:32:24',NULL,NULL,'',NULL,NULL,''),
('0','50113','50037','2','','89','222110','代扣代交增值税','应交税费-代扣代交增值税','YJSF-DKDJZZS','','97','','','','','','','','','',NULL,'',NULL,'','','19','1','2017-08-22 09:32:24',NULL,NULL,'',NULL,NULL,''),
('0','50122','50040','2','','89','224101','代扣代缴个人社保','其他应付款-代扣代缴个人社保','QTYFK-DKDJGRSB','','97','','','','','','','','','',NULL,'',NULL,'','','19','1','2017-08-22 09:32:24',NULL,NULL,'',NULL,NULL,''),
('0','50123','50040','2','','89','224102','代扣代缴个人公积金','其他应付款-代扣代缴个人公积金','QTYFK-DKDJGRGJJ','','97','','','','','','','','','',NULL,'',NULL,'','','19','1','2017-08-22 09:32:24',NULL,NULL,'',NULL,NULL,''),
('0','50124','50040','2','','89','224103','借款及往来','其他应付款-借款及往来','QTYFK-JKJWL','','209','','','','','','','','','',NULL,'',NULL,'','','19','1','2017-08-22 09:32:24',NULL,NULL,'',NULL,NULL,''),
('0','50125','50046','2','','91','310101','法定盈余公积','盈余公积-法定盈余公积','YYGJ-FDYYGJ','','97','','','','','','','','','',NULL,'',NULL,'','','19','1','2017-08-22 09:32:24',NULL,NULL,'',NULL,NULL,''),
('0','50126','50046','2','','91','310102','任意盈余公积','盈余公积-任意盈余公积','YYGJ-RYYYGJ','','97','','','','','','','','','',NULL,'',NULL,'','','19','1','2017-08-22 09:32:24',NULL,NULL,'',NULL,NULL,''),
('0','50127','50046','2','','91','310103','利润归还投资','盈余公积-利润归还投资','YYGJ-LRGHTZ','','97','','','','','','','','','',NULL,'',NULL,'','','19','1','2017-08-22 09:32:24',NULL,NULL,'',NULL,NULL,''),
('0','50128','50048','2','','91','310401','其他转入','利润分配-其他转入','LRFP-QTZR','','97','','','','','','','','','',NULL,'',NULL,'','','19','1','2017-08-22 09:32:24',NULL,NULL,'',NULL,NULL,''),
('0','50129','50048','2','','91','310402','提取法定盈余公积','利润分配-提取法定盈余公积','LRFP-TQFDYYGJ','','97','','','','','','','','','',NULL,'',NULL,'','','19','1','2017-08-22 09:32:24',NULL,NULL,'',NULL,NULL,''),
('0','50130','50048','2','','91','310403','提取法定公益金','利润分配-提取法定公益金','LRFP-TQFDGYJ','','97','','','','','','','','','',NULL,'',NULL,'','','19','1','2017-08-22 09:32:24',NULL,NULL,'',NULL,NULL,''),
('0','50131','50048','2','','91','310404','提取职工奖励及福利基金','利润分配-提取职工奖励及福利基金','LRFP-TQZGJLJFLJJ','','97','','','','','','','','','',NULL,'',NULL,'','','19','1','2017-08-22 09:32:24',NULL,NULL,'',NULL,NULL,''),
('0','50132','50048','2','','91','310409','提取任意盈余公积','利润分配-提取任意盈余公积','LRFP-TQRYYYGJ','','97','','','','','','','','','',NULL,'',NULL,'','','19','1','2017-08-22 09:32:24',NULL,NULL,'',NULL,NULL,''),
('0','50133','50048','2','','91','310410','应付利润','利润分配-应付利润','LRFP-YFLR','','97','','','','','','','','','',NULL,'',NULL,'','','19','1','2017-08-22 09:32:24',NULL,NULL,'',NULL,NULL,''),
('0','50134','50048','2','','91','310411','利润归还投资','利润分配-利润归还投资','LRFP-LRGHTZ','','97','','','','','','','','','',NULL,'',NULL,'','','19','1','2017-08-22 09:32:24',NULL,NULL,'',NULL,NULL,''),
('0','50135','50048','2','','91','310415','未分配利润','利润分配-未分配利润','LRFP-WFPLR','','97','','','','','','','','','',NULL,'',NULL,'','','19','1','2017-08-22 09:32:24',NULL,NULL,'',NULL,NULL,''),
('0','50136','50049','2','','92','400101','直接材料','生产成本-直接材料','SCCB-ZJCL','','97','','','','','','','','','',NULL,'',NULL,'','','19','1','2017-08-22 09:32:24',NULL,NULL,'',NULL,NULL,''),
('0','50137','50049','2','','92','400102','职工工资','生产成本-职工工资','SCCB-ZGGZ','','97','','','','','','','','','',NULL,'',NULL,'','','19','1','2017-08-22 09:32:24',NULL,NULL,'',NULL,NULL,''),
('0','50138','50049','2','','92','400103','社会保险费','生产成本-社会保险费','SCCB-SHBXF','','97','','','','','','','','','',NULL,'',NULL,'','','19','1','2017-08-22 09:32:24',NULL,NULL,'',NULL,NULL,''),
('0','50139','50049','2','','92','400104','住房公积金','生产成本-住房公积金','SCCB-ZFGJJ','','97','','','','','','','','','',NULL,'',NULL,'','','19','1','2017-08-22 09:32:24',NULL,NULL,'',NULL,NULL,''),
('0','50140','50049','2','','92','400105','福利费','生产成本-福利费','SCCB-FLF','','97','','','','','','','','','',NULL,'',NULL,'','','19','1','2017-08-22 09:32:24',NULL,NULL,'',NULL,NULL,''),
('0','50141','50049','2','','92','400106','工会经费','生产成本-工会经费','SCCB-GHJF','','97','','','','','','','','','',NULL,'',NULL,'','','19','1','2017-08-22 09:32:24',NULL,NULL,'',NULL,NULL,''),
('0','50142','50049','2','','92','400107','职工教育经费','生产成本-职工教育经费','SCCB-ZGJYJF','','97','','','','','','','','','',NULL,'',NULL,'','','19','1','2017-08-22 09:32:24',NULL,NULL,'',NULL,NULL,''),
('0','50143','50049','2','','92','400108','制造费用','生产成本-制造费用','SCCB-ZZFY','','97','','','','','','','','','',NULL,'',NULL,'','','19','1','2017-08-22 09:32:24',NULL,NULL,'',NULL,NULL,''),
('0','50144','50050','2','','92','400201','直接材料','劳务成本-直接材料','LWCB-ZJCL','','97','','','','','','','','','',NULL,'',NULL,'','','19','1','2017-08-22 09:32:24',NULL,NULL,'',NULL,NULL,''),
('0','50145','50050','2','','92','400202','职工工资','劳务成本-职工工资','LWCB-ZGGZ','','97','','','','','','','','','',NULL,'',NULL,'','','19','1','2017-08-22 09:32:24',NULL,NULL,'',NULL,NULL,''),
('0','50146','50050','2','','92','400203','社会保险费','劳务成本-社会保险费','LWCB-SHBXF','','97','','','','','','','','','',NULL,'',NULL,'','','19','1','2017-08-22 09:32:24',NULL,NULL,'',NULL,NULL,''),
('0','50147','50050','2','','92','400204','住房公积金','劳务成本-住房公积金','LWCB-ZFGJJ','','97','','','','','','','','','',NULL,'',NULL,'','','19','1','2017-08-22 09:32:24',NULL,NULL,'',NULL,NULL,''),
('0','50148','50050','2','','92','400205','福利费','劳务成本-福利费','LWCB-FLF','','97','','','','','','','','','',NULL,'',NULL,'','','19','1','2017-08-22 09:32:24',NULL,NULL,'',NULL,NULL,''),
('0','50149','50050','2','','92','400206','工会经费','劳务成本-工会经费','LWCB-GHJF','','97','','','','','','','','','',NULL,'',NULL,'','','19','1','2017-08-22 09:32:24',NULL,NULL,'',NULL,NULL,''),
('0','50150','50050','2','','92','400207','职工教育经费','劳务成本-职工教育经费','LWCB-ZGJYJF','','97','','','','','','','','','',NULL,'',NULL,'','','19','1','2017-08-22 09:32:24',NULL,NULL,'',NULL,NULL,''),
('0','50151','50050','2','','92','400208','办公用品及办公费','劳务成本-办公用品及办公费','LWCB-BGYPJBGF','','97','','','','','','','','','',NULL,'',NULL,'','','19','1','2017-08-22 09:32:24',NULL,NULL,'',NULL,NULL,''),
('0','50152','50050','2','','92','400209','租赁费','劳务成本-租赁费','LWCB-ZLF','','97','','','','','','','','','',NULL,'',NULL,'','','19','1','2017-08-22 09:32:24',NULL,NULL,'',NULL,NULL,''),
('0','50153','50050','2','','92','400210','物业费','劳务成本-物业费','LWCB-WYF','','97','','','','','','','','','',NULL,'',NULL,'','','19','1','2017-08-22 09:32:24',NULL,NULL,'',NULL,NULL,''),
('0','50154','50050','2','','92','400211','水电费','劳务成本-水电费','LWCB-SDF','','97','','','','','','','','','',NULL,'',NULL,'','','19','1','2017-08-22 09:32:24',NULL,NULL,'',NULL,NULL,''),
('0','50155','50050','2','','92','400212','交通费','劳务成本-交通费','LWCB-JTF','','97','','','','','','','','','',NULL,'',NULL,'','','19','1','2017-08-22 09:32:24',NULL,NULL,'',NULL,NULL,''),
('0','50156','50050','2','','92','400213','差旅费','劳务成本-差旅费','LWCB-CLF','','97','','','','','','','','','',NULL,'',NULL,'','','19','1','2017-08-22 09:32:24',NULL,NULL,'',NULL,NULL,''),
('0','50157','50050','2','','92','400214','通讯费','劳务成本-通讯费','LWCB-TXF','','97','','','','','','','','','',NULL,'',NULL,'','','19','1','2017-08-22 09:32:24',NULL,NULL,'',NULL,NULL,''),
('0','50158','50050','2','','92','400215','会议费','劳务成本-会议费','LWCB-HYF','','97','','','','','','','','','',NULL,'',NULL,'','','19','1','2017-08-22 09:32:24',NULL,NULL,'',NULL,NULL,''),
('0','50159','50050','2','','92','400216','网络使用费','劳务成本-网络使用费','LWCB-WLSYF','','97','','','','','','','','','',NULL,'',NULL,'','','19','1','2017-08-22 09:32:24',NULL,NULL,'',NULL,NULL,''),
('0','50160','50050','2','','92','400217','车辆使用费','劳务成本-车辆使用费','LWCB-CLSYF','','97','','','','','','','','','',NULL,'',NULL,'','','19','1','2017-08-22 09:32:24',NULL,NULL,'',NULL,NULL,''),
('0','50161','50050','2','','92','400218','折旧费','劳务成本-折旧费','LWCB-ZJF','','97','','','','','','','','','',NULL,'',NULL,'','','19','1','2017-08-22 09:32:24',NULL,NULL,'',NULL,NULL,''),
('0','50162','50050','2','','92','400219','摊销费','劳务成本-摊销费','LWCB-TXF','','97','','','','','','','','','',NULL,'',NULL,'','','19','1','2017-08-22 09:32:24',NULL,NULL,'',NULL,NULL,''),
('0','50163','50050','2','','92','400220','旅游费','劳务成本-旅游费','LWCB-LYF','','97','','','','','','','','','',NULL,'',NULL,'','','19','1','2017-08-22 09:32:24',NULL,NULL,'',NULL,NULL,''),
('0','50164','50050','2','','92','400221','劳保费','劳务成本-劳保费','LWCB-LBF','','97','','','','','','','','','',NULL,'',NULL,'','','19','1','2017-08-22 09:32:24',NULL,NULL,'',NULL,NULL,''),
('0','50165','50050','2','','92','400222','低值易耗品摊销','劳务成本-低值易耗品摊销','LWCB-DZYHPTX','','97','','','','','','','','','',NULL,'',NULL,'','','19','1','2017-08-22 09:32:24',NULL,NULL,'',NULL,NULL,''),
('0','50166','50050','2','','92','400223','修理费','劳务成本-修理费','LWCB-XLF','','97','','','','','','','','','',NULL,'',NULL,'','','19','1','2017-08-22 09:32:24',NULL,NULL,'',NULL,NULL,''),
('0','50167','50050','2','','92','400224','快递物流费','劳务成本-快递物流费','LWCB-KDWLF','','97','','','','','','','','','',NULL,'',NULL,'','','19','1','2017-08-22 09:32:24',NULL,NULL,'',NULL,NULL,''),
('0','50168','50050','2','','92','400225','培训费','劳务成本-培训费','LWCB-PXF','','97','','','','','','','','','',NULL,'',NULL,'','','19','1','2017-08-22 09:32:24',NULL,NULL,'',NULL,NULL,''),
('0','50169','50050','2','','92','400299','其他','劳务成本-其他','LWCB-QT','','97','','','','','','','','','',NULL,'',NULL,'','','19','1','2017-08-22 09:32:24',NULL,NULL,'',NULL,NULL,''),
('0','50170','50051','2','','92','410101','办公用品及办公费','制造费用-办公用品及办公费','ZZFY-BGYPJBGF','','97','','','','','','','','','',NULL,'',NULL,'','','19','1','2017-08-22 09:32:24',NULL,NULL,'',NULL,NULL,''),
('0','50171','50051','2','','92','410102','租赁费','制造费用-租赁费','ZZFY-ZLF','','97','','','','','','','','','',NULL,'',NULL,'','','19','1','2017-08-22 09:32:24',NULL,NULL,'',NULL,NULL,''),
('0','50172','50051','2','','92','410103','物业管理费','制造费用-物业管理费','ZZFY-WYGLF','','97','','','','','','','','','',NULL,'',NULL,'','','19','1','2017-08-22 09:32:24',NULL,NULL,'',NULL,NULL,''),
('0','50173','50051','2','','92','410104','水电费','制造费用-水电费','ZZFY-SDF','','97','','','','','','','','','',NULL,'',NULL,'','','19','1','2017-08-22 09:32:24',NULL,NULL,'',NULL,NULL,''),
('0','50174','50051','2','','92','410105','交通费','制造费用-交通费','ZZFY-JTF','','97','','','','','','','','','',NULL,'',NULL,'','','19','1','2017-08-22 09:32:24',NULL,NULL,'',NULL,NULL,''),
('0','50175','50051','2','','92','410106','差旅费','制造费用-差旅费','ZZFY-CLF','','97','','','','','','','','','',NULL,'',NULL,'','','19','1','2017-08-22 09:32:24',NULL,NULL,'',NULL,NULL,''),
('0','50176','50051','2','','92','410107','通讯费','制造费用-通讯费','ZZFY-TXF','','97','','','','','','','','','',NULL,'',NULL,'','','19','1','2017-08-22 09:32:24',NULL,NULL,'',NULL,NULL,''),
('0','50177','50051','2','','92','410108','会议费','制造费用-会议费','ZZFY-HYF','','97','','','','','','','','','',NULL,'',NULL,'','','19','1','2017-08-22 09:32:24',NULL,NULL,'',NULL,NULL,''),
('0','50178','50051','2','','92','410109','职工工资','制造费用-职工工资','ZZFY-ZGGZ','','97','','','','','','','','','',NULL,'',NULL,'','','19','1','2017-08-22 09:32:24',NULL,NULL,'',NULL,NULL,''),
('0','50179','50051','2','','92','410110','社会保险费','制造费用-社会保险费','ZZFY-SHBXF','','97','','','','','','','','','',NULL,'',NULL,'','','19','1','2017-08-22 09:32:24',NULL,NULL,'',NULL,NULL,''),
('0','50180','50051','2','','92','410111','住房公积金','制造费用-住房公积金','ZZFY-ZFGJJ','','97','','','','','','','','','',NULL,'',NULL,'','','19','1','2017-08-22 09:32:24',NULL,NULL,'',NULL,NULL,''),
('0','50181','50051','2','','92','410112','福利费','制造费用-福利费','ZZFY-FLF','','97','','','','','','','','','',NULL,'',NULL,'','','19','1','2017-08-22 09:32:24',NULL,NULL,'',NULL,NULL,''),
('0','50182','50051','2','','92','410113','工会经费','制造费用-工会经费','ZZFY-GHJF','','97','','','','','','','','','',NULL,'',NULL,'','','19','1','2017-08-22 09:32:24',NULL,NULL,'',NULL,NULL,''),
('0','50183','50051','2','','92','410114','职工教育经费','制造费用-职工教育经费','ZZFY-ZGJYJF','','97','','','','','','','','','',NULL,'',NULL,'','','19','1','2017-08-22 09:32:24',NULL,NULL,'',NULL,NULL,''),
('0','50184','50051','2','','92','410115','网络使用费','制造费用-网络使用费','ZZFY-WLSYF','','97','','','','','','','','','',NULL,'',NULL,'','','19','1','2017-08-22 09:32:24',NULL,NULL,'',NULL,NULL,''),
('0','50185','50051','2','','92','410116','车辆使用费','制造费用-车辆使用费','ZZFY-CLSYF','','97','','','','','','','','','',NULL,'',NULL,'','','19','1','2017-08-22 09:32:24',NULL,NULL,'',NULL,NULL,''),
('0','50186','50051','2','','92','410117','折旧费','制造费用-折旧费','ZZFY-ZJF','','97','','','','','','','','','',NULL,'',NULL,'','','19','1','2017-08-22 09:32:24',NULL,NULL,'',NULL,NULL,''),
('0','50187','50051','2','','92','410118','摊销费','制造费用-摊销费','ZZFY-TXF','','97','','','','','','','','','',NULL,'',NULL,'','','19','1','2017-08-22 09:32:24',NULL,NULL,'',NULL,NULL,''),
('0','50188','50051','2','','92','410119','旅游费','制造费用-旅游费','ZZFY-LYF','','97','','','','','','','','','',NULL,'',NULL,'','','19','1','2017-08-22 09:32:24',NULL,NULL,'',NULL,NULL,''),
('0','50189','50051','2','','92','410120','劳保费','制造费用-劳保费','ZZFY-LBF','','97','','','','','','','','','',NULL,'',NULL,'','','19','1','2017-08-22 09:32:24',NULL,NULL,'',NULL,NULL,''),
('0','50190','50051','2','','92','410121','低值易耗品摊销','制造费用-低值易耗品摊销','ZZFY-DZYHPTX','','97','','','','','','','','','',NULL,'',NULL,'','','19','1','2017-08-22 09:32:24',NULL,NULL,'',NULL,NULL,''),
('0','50191','50051','2','','92','410122','修理费','制造费用-修理费','ZZFY-XLF','','97','','','','','','','','','',NULL,'',NULL,'','','19','1','2017-08-22 09:32:24',NULL,NULL,'',NULL,NULL,''),
('0','50192','50051','2','','92','410123','快递物流费','制造费用-快递物流费','ZZFY-KDWLF','','97','','','','','','','','','',NULL,'',NULL,'','','19','1','2017-08-22 09:32:24',NULL,NULL,'',NULL,NULL,''),
('0','50193','50051','2','','92','410124','物业费','制造费用-物业费','ZZFY-WYF','','97','','','','','','','','','',NULL,'',NULL,'','','19','1','2017-08-22 09:32:24',NULL,NULL,'',NULL,NULL,''),
('0','50194','50051','2','','92','410125','培训费','制造费用-培训费','ZZFY-PXF','','97','','','','','','','','','',NULL,'',NULL,'','','19','1','2017-08-22 09:32:24',NULL,NULL,'',NULL,NULL,''),
('0','50195','50051','2','','92','410199','其他','制造费用-其他','ZZFY-QT','','97','','','','','','','','','',NULL,'',NULL,'','','19','1','2017-08-22 09:32:24',NULL,NULL,'',NULL,NULL,''),
('0','50196','50052','2','','92','430101','费用化支出','研发支出-费用化支出','YFZC-FYHZC','','204','','','','','','','','','',NULL,'',NULL,'','','19','1','2017-08-22 09:32:24',NULL,NULL,'',NULL,NULL,''),
('0','50197','50052','2','','92','430102','资本化支出','研发支出-资本化支出','YFZC-ZBHZC','','97','','','','','','','','','',NULL,'',NULL,'','','19','1','2017-08-22 09:32:24',NULL,NULL,'',NULL,NULL,''),
('0','50198','50056','2','','93','530101','非流动资产处置净收益','营业外收入-非流动资产处置净收益','YYWSR-FLDZCCZJSY','','97','','','','','','','','','',NULL,'',NULL,'','','19','1','2017-08-22 09:32:24',NULL,NULL,'',NULL,NULL,''),
('0','50199','50056','2','','93','530102','政府补助','营业外收入-政府补助','YYWSR-ZFBZ','','350026','','','','','','','','','',NULL,'',NULL,'','','19','1','2017-08-22 09:32:24',NULL,NULL,'',NULL,NULL,''),
('0','50200','50056','2','','93','530103','捐赠收益','营业外收入-捐赠收益','YYWSR-JZSY','','97','','','','','','','','','',NULL,'',NULL,'','','19','1','2017-08-22 09:32:24',NULL,NULL,'',NULL,NULL,''),
('0','50201','50056','2','','93','530104','盘盈收益','营业外收入-盘盈收益','YYWSR-PYSY','','97','','','','','','','','','',NULL,'',NULL,'','','19','1','2017-08-22 09:32:24',NULL,NULL,'',NULL,NULL,''),
('0','50202','50056','2','','93','530105','确实无法偿付的应付账款','营业外收入-确实无法偿付的应付账款','YYWSR-QSWFCFDYFZK','','97','','','','','','','','','',NULL,'',NULL,'','','19','1','2017-08-22 09:32:24',NULL,NULL,'',NULL,NULL,''),
('0','50203','50056','2','','93','530106','已作坏账损失处理后又收回的应收账款','营业外收入-已作坏账损失处理后又收回的应收账款','YYWSR-YZHZSSCLHYSHDYSZK','','97','','','','','','','','','',NULL,'',NULL,'','','19','1','2017-08-22 09:32:24',NULL,NULL,'',NULL,NULL,''),
('0','50204','50056','2','','93','530107','出租包装物和商品的租金收入','营业外收入-出租包装物和商品的租金收入','YYWSR-CZBZWHSPDZJSR','','97','','','','','','','','','',NULL,'',NULL,'','','19','1','2017-08-22 09:32:24',NULL,NULL,'',NULL,NULL,''),
('0','50205','50056','2','','93','530108','逾期未退包装物押金收益','营业外收入-逾期未退包装物押金收益','YYWSR-YQWTBZWYJSY','','97','','','','','','','','','',NULL,'',NULL,'','','19','1','2017-08-22 09:32:24',NULL,NULL,'',NULL,NULL,''),
('0','50206','50056','2','','93','530109','汇兑收益','营业外收入-汇兑收益','YYWSR-HDSY','','97','','','','','','','','','',NULL,'',NULL,'','','19','1','2017-08-22 09:32:24',NULL,NULL,'',NULL,NULL,''),
('0','50207','50056','2','','93','530110','罚款及违约金收益','营业外收入-罚款及违约金收益','YYWSR-FKJWYJSY','','97','','','','','','','','','',NULL,'',NULL,'','','19','1','2017-08-22 09:32:24',NULL,NULL,'',NULL,NULL,''),
('0','50208','50056','2','','93','530199','其他营业外收入','营业外收入-其他营业外收入','YYWSR-QTYYWSR','','97','','','','','','','','','',NULL,'',NULL,'','','19','1','2017-08-22 09:32:24',NULL,NULL,'',NULL,NULL,''),
('0','50209','50060','2','','93','560101','职工工资','销售费用-职工工资','XSFY-ZGGZ','','97','','','','','','','','','',NULL,'',NULL,'','','19','1','2017-08-22 09:32:24',NULL,NULL,'',NULL,NULL,''),
('0','50210','50060','2','','93','560102','社会保险费','销售费用-社会保险费','XSFY-SHBXF','','97','','','','','','','','','',NULL,'',NULL,'','','19','1','2017-08-22 09:32:24',NULL,NULL,'',NULL,NULL,''),
('0','50211','50060','2','','93','560103','住房公积金','销售费用-住房公积金','XSFY-ZFGJJ','','97','','','','','','','','','',NULL,'',NULL,'','','19','1','2017-08-22 09:32:24',NULL,NULL,'',NULL,NULL,''),
('0','50212','50060','2','','93','560104','福利费','销售费用-福利费','XSFY-FLF','','97','','','','','','','','','',NULL,'',NULL,'','','19','1','2017-08-22 09:32:24',NULL,NULL,'',NULL,NULL,''),
('0','50213','50060','2','','93','560105','工会经费','销售费用-工会经费','XSFY-GHJF','','97','','','','','','','','','',NULL,'',NULL,'','','19','1','2017-08-22 09:32:24',NULL,NULL,'',NULL,NULL,''),
('0','50214','50060','2','','93','560106','职工教育经费','销售费用-职工教育经费','XSFY-ZGJYJF','','97','','','','','','','','','',NULL,'',NULL,'','','19','1','2017-08-22 09:32:24',NULL,NULL,'',NULL,NULL,''),
('0','50215','50060','2','','93','560107','商品维修费','销售费用-商品维修费','XSFY-SPWXF','','97','','','','','','','','','',NULL,'',NULL,'','','19','1','2017-08-22 09:32:24',NULL,NULL,'',NULL,NULL,''),
('0','50216','50060','2','','93','560108','运输费','销售费用-运输费','XSFY-YSF','','97','','','','','','','','','',NULL,'',NULL,'','','19','1','2017-08-22 09:32:24',NULL,NULL,'',NULL,NULL,''),
('0','50217','50060','2','','93','560109','装卸费','销售费用-装卸费','XSFY-ZXF','','97','','','','','','','','','',NULL,'',NULL,'','','19','1','2017-08-22 09:32:24',NULL,NULL,'',NULL,NULL,''),
('0','50218','50060','2','','93','560110','包装费','销售费用-包装费','XSFY-BZF','','97','','','','','','','','','',NULL,'',NULL,'','','19','1','2017-08-22 09:32:24',NULL,NULL,'',NULL,NULL,''),
('0','50219','50060','2','','93','560111','保险费','销售费用-保险费','XSFY-BXF','','97','','','','','','','','','',NULL,'',NULL,'','','19','1','2017-08-22 09:32:24',NULL,NULL,'',NULL,NULL,''),
('0','50220','50060','2','','93','560112','广告宣传费','销售费用-广告宣传费','XSFY-GGXCF','','97','','','','','','','','','',NULL,'',NULL,'','','19','1','2017-08-22 09:32:24',NULL,NULL,'',NULL,NULL,''),
('0','50221','50060','2','','93','560113','展览费','销售费用-展览费','XSFY-ZLF','','97','','','','','','','','','',NULL,'',NULL,'','','19','1','2017-08-22 09:32:24',NULL,NULL,'',NULL,NULL,''),
('0','50222','50060','2','','93','560114','运输合理损耗','销售费用-运输合理损耗','XSFY-YSHLSH','','97','','','','','','','','','',NULL,'',NULL,'','','19','1','2017-08-22 09:32:24',NULL,NULL,'',NULL,NULL,''),
('0','50223','50060','2','','93','560115','入库前挑选整理费','销售费用-入库前挑选整理费','XSFY-RKQTXZLF','','97','','','','','','','','','',NULL,'',NULL,'','','19','1','2017-08-22 09:32:24',NULL,NULL,'',NULL,NULL,''),
('0','50224','50060','2','','93','560116','租赁费','销售费用-租赁费','XSFY-ZLF','','97','','','','','','','','','',NULL,'',NULL,'','','19','1','2017-08-22 09:32:24',NULL,NULL,'',NULL,NULL,''),
('0','50225','50060','2','','93','560117','物业费','销售费用-物业费','XSFY-WYF','','97','','','','','','','','','',NULL,'',NULL,'','','19','1','2017-08-22 09:32:24',NULL,NULL,'',NULL,NULL,''),
('0','50226','50060','2','','93','560118','劳保费','销售费用-劳保费','XSFY-LBF','','97','','','','','','','','','',NULL,'',NULL,'','','19','1','2017-08-22 09:32:24',NULL,NULL,'',NULL,NULL,''),
('0','50227','50060','2','','93','560119','网络使用费','销售费用-网络使用费','XSFY-WLSYF','','97','','','','','','','','','',NULL,'',NULL,'','','19','1','2017-08-22 09:32:24',NULL,NULL,'',NULL,NULL,''),
('0','50228','50060','2','','93','560120','车辆使用费','销售费用-车辆使用费','XSFY-CLSYF','','97','','','','','','','','','',NULL,'',NULL,'','','19','1','2017-08-22 09:32:24',NULL,NULL,'',NULL,NULL,''),
('0','50229','50060','2','','93','560121','交通费','销售费用-交通费','XSFY-JTF','','97','','','','','','','','','',NULL,'',NULL,'','','19','1','2017-08-22 09:32:24',NULL,NULL,'',NULL,NULL,''),
('0','50230','50060','2','','93','560122','通讯费','销售费用-通讯费','XSFY-TXF','','97','','','','','','','','','',NULL,'',NULL,'','','19','1','2017-08-22 09:32:24',NULL,NULL,'',NULL,NULL,''),
('0','50231','50060','2','','93','560123','会议费','销售费用-会议费','XSFY-HYF','','97','','','','','','','','','',NULL,'',NULL,'','','19','1','2017-08-22 09:32:24',NULL,NULL,'',NULL,NULL,''),
('0','50232','50060','2','','93','560124','修理费','销售费用-修理费','XSFY-XLF','','97','','','','','','','','','',NULL,'',NULL,'','','19','1','2017-08-22 09:32:24',NULL,NULL,'',NULL,NULL,''),
('0','50233','50060','2','','93','560125','快递物流费','销售费用-快递物流费','XSFY-KDWLF','','97','','','','','','','','','',NULL,'',NULL,'','','19','1','2017-08-22 09:32:24',NULL,NULL,'',NULL,NULL,''),
('0','50234','50060','2','','93','560126','业务招待费','销售费用-业务招待费','XSFY-YWZDF','','97','','','','','','','','','',NULL,'',NULL,'','','19','1','2017-08-22 09:32:24',NULL,NULL,'',NULL,NULL,''),
('0','50235','50060','2','','93','560127','差旅费','销售费用-差旅费','XSFY-CLF','','97','','','','','','','','','',NULL,'',NULL,'','','19','1','2017-08-22 09:32:24',NULL,NULL,'',NULL,NULL,''),
('0','50236','50060','2','','93','560128','办公用品及办公费','销售费用-办公用品及办公费','XSFY-BGYPJBGF','','97','','','','','','','','','',NULL,'',NULL,'','','19','1','2017-08-22 09:32:24',NULL,NULL,'',NULL,NULL,''),
('0','50237','50060','2','','93','560129','水电费','销售费用-水电费','XSFY-SDF','','97','','','','','','','','','',NULL,'',NULL,'','','19','1','2017-08-22 09:32:24',NULL,NULL,'',NULL,NULL,''),
('0','50238','50060','2','','93','560130','培训费','销售费用-培训费','XSFY-PXF','','97','','','','','','','','','',NULL,'',NULL,'','','19','1','2017-08-22 09:32:24',NULL,NULL,'',NULL,NULL,''),
('0','50239','50060','2','','93','560131','旅游费','销售费用-旅游费','XSFY-LYF','','97','','','','','','','','','',NULL,'',NULL,'','','19','1','2017-08-22 09:32:24',NULL,NULL,'',NULL,NULL,''),
('0','50240','50060','2','','93','560132','固定资产折旧费','销售费用-固定资产折旧费','XSFY-GDZCZJF','','97','','','','','','','','','',NULL,'',NULL,'','','19','1','2017-08-22 09:32:24',NULL,NULL,'',NULL,NULL,''),
('0','50241','50060','2','','93','560133','无形资产摊销费','销售费用-无形资产摊销费','XSFY-WXZCTXF','','97','','','','','','','','','',NULL,'',NULL,'','','19','1','2017-08-22 09:32:24',NULL,NULL,'',NULL,NULL,''),
('0','50242','50060','2','','93','560134','周转材料摊销','销售费用-周转材料摊销','XSFY-ZZCLTX','','97','','','','','','','','','',NULL,'',NULL,'','','19','1','2017-08-22 09:32:24',NULL,NULL,'',NULL,NULL,''),
('0','50243','50060','2','','93','560199','其他销售费用','销售费用-其他销售费用','XSFY-QTXSFY','','97','','','','','','','','','',NULL,'',NULL,'','','19','1','2017-08-22 09:32:24',NULL,NULL,'',NULL,NULL,''),
('0','50244','50061','2','','93','560201','职工工资','管理费用-职工工资','GLFY-ZGGZ','','97','','','','','','','','','',NULL,'',NULL,'','','19','1','2017-08-22 09:32:24',NULL,NULL,'',NULL,NULL,''),
('0','50245','50061','2','','93','560202','社会保险费','管理费用-社会保险费','GLFY-SHBXF','','97','','','','','','','','','',NULL,'',NULL,'','','19','1','2017-08-22 09:32:24',NULL,NULL,'',NULL,NULL,''),
('0','50246','50061','2','','93','560203','住房公积金','管理费用-住房公积金','GLFY-ZFGJJ','','97','','','','','','','','','',NULL,'',NULL,'','','19','1','2017-08-22 09:32:24',NULL,NULL,'',NULL,NULL,''),
('0','50247','50061','2','','93','560204','福利费','管理费用-福利费','GLFY-FLF','','97','','','','','','','','','',NULL,'',NULL,'','','19','1','2017-08-22 09:32:24',NULL,NULL,'',NULL,NULL,''),
('0','50248','50061','2','','93','560205','工会经费','管理费用-工会经费','GLFY-GHJF','','97','','','','','','','','','',NULL,'',NULL,'','','19','1','2017-08-22 09:32:24',NULL,NULL,'',NULL,NULL,''),
('0','50249','50061','2','','93','560206','职工教育经费','管理费用-职工教育经费','GLFY-ZGJYJF','','97','','','','','','','','','',NULL,'',NULL,'','','19','1','2017-08-22 09:32:24',NULL,NULL,'',NULL,NULL,''),
('0','50250','50061','2','','93','560207','辞退福利','管理费用-辞退福利','GLFY-CTFL','','97','','','','','','','','','',NULL,'',NULL,'','','19','1','2017-08-22 09:32:24',NULL,NULL,'',NULL,NULL,''),
('0','50251','50061','2','','93','560208','办公用品及办公费','管理费用-办公用品及办公费','GLFY-BGYPJBGF','','97','','','','','','','','','',NULL,'',NULL,'','','19','1','2017-08-22 09:32:24',NULL,NULL,'',NULL,NULL,''),
('0','50252','50061','2','','93','560209','业务招待费','管理费用-业务招待费','GLFY-YWZDF','','97','','','','','','','','','',NULL,'',NULL,'','','19','1','2017-08-22 09:32:24',NULL,NULL,'',NULL,NULL,''),
('0','50253','50061','2','','93','560210','开办费','管理费用-开办费','GLFY-KBF','','97','','','','','','','','','',NULL,'',NULL,'','','19','1','2017-08-22 09:32:24',NULL,NULL,'',NULL,NULL,''),
('0','50254','50061','2','','93','560211','修理费','管理费用-修理费','GLFY-XLF','','97','','','','','','','','','',NULL,'',NULL,'','','19','1','2017-08-22 09:32:24',NULL,NULL,'',NULL,NULL,''),
('0','50255','50061','2','','93','560212','水电费','管理费用-水电费','GLFY-SDF','','97','','','','','','','','','',NULL,'',NULL,'','','19','1','2017-08-22 09:32:24',NULL,NULL,'',NULL,NULL,''),
('0','50256','50061','2','','93','560213','差旅费','管理费用-差旅费','GLFY-CLF','','97','','','','','','','','','',NULL,'',NULL,'','','19','1','2017-08-22 09:32:24',NULL,NULL,'',NULL,NULL,''),
('0','50257','50061','2','','93','560214','周转材料摊销','管理费用-周转材料摊销','GLFY-ZZCLTX','','97','','','','','','','','','',NULL,'',NULL,'','','19','1','2017-08-22 09:32:24',NULL,NULL,'',NULL,NULL,''),
('0','50258','50061','2','','93','560215','固定资产折旧费','管理费用-固定资产折旧费','GLFY-GDZCZJF','','97','','','','','','','','','',NULL,'',NULL,'','','19','1','2017-08-22 09:32:24',NULL,NULL,'',NULL,NULL,''),
('0','50259','50061','2','','93','560216','无形资产摊销费','管理费用-无形资产摊销费','GLFY-WXZCTXF','','97','','','','','','','','','',NULL,'',NULL,'','','19','1','2017-08-22 09:32:24',NULL,NULL,'',NULL,NULL,''),
('0','50260','50061','2','','93','560217','长期待摊费用摊销','管理费用-长期待摊费用摊销','GLFY-CQDTFYTX','','97','','','','','','','','','',NULL,'',NULL,'','','19','1','2017-08-22 09:32:24',NULL,NULL,'',NULL,NULL,''),
('0','50261','50061','2','','93','560218','保修费','管理费用-保修费','GLFY-BXF','','97','','','','','','','','','',NULL,'',NULL,'','','19','1','2017-08-22 09:32:24',NULL,NULL,'',NULL,NULL,''),
('0','50262','50061','2','','93','560219','保险费','管理费用-保险费','GLFY-BXF','','97','','','','','','','','','',NULL,'',NULL,'','','19','1','2017-08-22 09:32:24',NULL,NULL,'',NULL,NULL,''),
('0','50263','50061','2','','93','560220','聘请中介机构费','管理费用-聘请中介机构费','GLFY-PQZJJGF','','97','','','','','','','','','',NULL,'',NULL,'','','19','1','2017-08-22 09:32:24',NULL,NULL,'',NULL,NULL,''),
('0','50264','50061','2','','93','560221','咨询费','管理费用-咨询费','GLFY-ZXF','','97','','','','','','','','','',NULL,'',NULL,'','','19','1','2017-08-22 09:32:24',NULL,NULL,'',NULL,NULL,''),
('0','50265','50061','2','','93','560222','诉讼费','管理费用-诉讼费','GLFY-SSF','','97','','','','','','','','','',NULL,'',NULL,'','','19','1','2017-08-22 09:32:24',NULL,NULL,'',NULL,NULL,''),
('0','50266','50061','2','','93','560223','研究费用','管理费用-研究费用','GLFY-YJFY','','205','','','','','','','','','',NULL,'',NULL,'','','19','1','2017-08-22 09:32:24',NULL,NULL,'',NULL,NULL,''),
('0','50267','50061','2','','93','560224','广告宣传费','管理费用-广告宣传费','GLFY-GGXCF','','97','','','','','','','','','',NULL,'',NULL,'','','19','1','2017-08-22 09:32:24',NULL,NULL,'',NULL,NULL,''),
('0','50268','50061','2','','93','560225','租赁费','管理费用-租赁费','GLFY-ZLF','','97','','','','','','','','','',NULL,'',NULL,'','','19','1','2017-08-22 09:32:24',NULL,NULL,'',NULL,NULL,''),
('0','50269','50061','2','','93','560226','物业费','管理费用-物业费','GLFY-WYF','','97','','','','','','','','','',NULL,'',NULL,'','','19','1','2017-08-22 09:32:24',NULL,NULL,'',NULL,NULL,''),
('0','50270','50061','2','','93','560227','劳保费','管理费用-劳保费','GLFY-LBF','','97','','','','','','','','','',NULL,'',NULL,'','','19','1','2017-08-22 09:32:24',NULL,NULL,'',NULL,NULL,''),
('0','50271','50061','2','','93','560228','网络使用费','管理费用-网络使用费','GLFY-WLSYF','','97','','','','','','','','','',NULL,'',NULL,'','','19','1','2017-08-22 09:32:24',NULL,NULL,'',NULL,NULL,''),
('0','50272','50061','2','','93','560229','车辆使用费','管理费用-车辆使用费','GLFY-CLSYF','','97','','','','','','','','','',NULL,'',NULL,'','','19','1','2017-08-22 09:32:24',NULL,NULL,'',NULL,NULL,''),
('0','50273','50061','2','','93','560230','交通费','管理费用-交通费','GLFY-JTF','','97','','','','','','','','','',NULL,'',NULL,'','','19','1','2017-08-22 09:32:24',NULL,NULL,'',NULL,NULL,''),
('0','50274','50061','2','','93','560231','通讯费','管理费用-通讯费','GLFY-TXF','','97','','','','','','','','','',NULL,'',NULL,'','','19','1','2017-08-22 09:32:24',NULL,NULL,'',NULL,NULL,''),
('0','50275','50061','2','','93','560232','会议费','管理费用-会议费','GLFY-HYF','','97','','','','','','','','','',NULL,'',NULL,'','','19','1','2017-08-22 09:32:24',NULL,NULL,'',NULL,NULL,''),
('0','50277','50061','2','','93','560234','快递物流费','管理费用-快递物流费','GLFY-KDWLF','','97','','','','','','','','','',NULL,'',NULL,'','','19','1','2017-08-22 09:32:24',NULL,NULL,'',NULL,NULL,''),
('0','50278','50061','2','','93','560235','培训费','管理费用-培训费','GLFY-PXF','','97','','','','','','','','','',NULL,'',NULL,'','','19','1','2017-08-22 09:32:24',NULL,NULL,'',NULL,NULL,''),
('0','50279','50061','2','','93','560236','旅游费','管理费用-旅游费','GLFY-LYF','','97','','','','','','','','','',NULL,'',NULL,'','','19','1','2017-08-22 09:32:24',NULL,NULL,'',NULL,NULL,''),
('0','50280','50061','2','','93','560237','残保金','管理费用-残保金','GLFY-CBJ','','97','','','','','','','','','',NULL,'',NULL,'','','19','1','2017-08-22 09:32:24',NULL,NULL,'',NULL,NULL,''),
('0','50281','50061','2','','93','560299','其他管理费用','管理费用-其他管理费用','GLFY-QTGLFY','','97','','','','','','','','','',NULL,'',NULL,'','','19','1','2017-08-22 09:32:24',NULL,NULL,'',NULL,NULL,''),
('0','50282','50062','2','','93','560301','利息费用','财务费用-利息费用','CWFY-LXFY','','97','','','','','','','','','',NULL,'',NULL,'','','19','1','2017-08-22 09:32:24',NULL,NULL,'',NULL,NULL,''),
('0','50283','50062','2','','93','560302','利息收入','财务费用-利息收入','CWFY-LXSR','','203','','','','','','','','','',NULL,'',NULL,'','','19','1','2017-08-22 09:32:24',NULL,NULL,'',NULL,NULL,''),
('0','50284','50062','2','','93','560303','汇兑损失','财务费用-汇兑损失','CWFY-HDSS','','97','','','','','','','','','',NULL,'',NULL,'','','19','1','2017-08-22 09:32:24',NULL,NULL,'',NULL,NULL,''),
('0','50285','50062','2','','93','560304','银行手续费','财务费用-银行手续费','CWFY-YXSXF','','97','','','','','','','','','',NULL,'',NULL,'','','19','1','2017-08-22 09:32:24',NULL,NULL,'',NULL,NULL,''),
('0','50286','50062','2','','93','560305','现金折扣','财务费用-现金折扣','CWFY-XJZK','','97','','','','','','','','','',NULL,'',NULL,'','','19','1','2017-08-22 09:32:24',NULL,NULL,'',NULL,NULL,''),
('0','50287','50063','2','','93','571101','非流动资产处置净损失','营业外支出-非流动资产处置净损失','YYWZC-FLDZCCZJSS','','97','','','','','','','','','',NULL,'',NULL,'','','19','1','2017-08-22 09:32:24',NULL,NULL,'',NULL,NULL,''),
('0','50288','50063','2','','93','571102','赞助支出','营业外支出-赞助支出','YYWZC-ZZZC','','97','','','','','','','','','',NULL,'',NULL,'','','19','1','2017-08-22 09:32:24',NULL,NULL,'',NULL,NULL,''),
('0','50289','50063','2','','93','571103','捐赠支出','营业外支出-捐赠支出','YYWZC-JZZC','','97','','','','','','','','','',NULL,'',NULL,'','','19','1','2017-08-22 09:32:24',NULL,NULL,'',NULL,NULL,''),
('0','50290','50063','2','','93','571104','盘亏损失','营业外支出-盘亏损失','YYWZC-PKSS','','97','','','','','','','','','',NULL,'',NULL,'','','19','1','2017-08-22 09:32:24',NULL,NULL,'',NULL,NULL,''),
('0','50291','50063','2','','93','571105','坏账损失','营业外支出-坏账损失','YYWZC-HZSS','','97','','','','','','','','','',NULL,'',NULL,'','','19','1','2017-08-22 09:32:24',NULL,NULL,'',NULL,NULL,''),
('0','50292','50063','2','','93','571106','存货毁损报废损失','营业外支出-存货毁损报废损失','YYWZC-CHHSBFSS','','97','','','','','','','','','','1','',NULL,'','','19','1','2017-08-22 09:32:24',NULL,NULL,'',NULL,NULL,''),
('0','50293','50063','2','','93','571107','无法收回的长期债券投资损失','营业外支出-无法收回的长期债券投资损失','YYWZC-WFSHDCQZQTZSS','','97','','','','','','','','','',NULL,'',NULL,'','','19','1','2017-08-22 09:32:24',NULL,NULL,'',NULL,NULL,''),
('0','50294','50063','2','','93','571108','无法收回的长期股权投资损失','营业外支出-无法收回的长期股权投资损失','YYWZC-WFSHDCQGQTZSS','','97','','','','','','','','','',NULL,'',NULL,'','','19','1','2017-08-22 09:32:24',NULL,NULL,'',NULL,NULL,''),
('0','50295','50063','2','','93','571109','自然灾害等不可抗力因素造成的损失','营业外支出-自然灾害等不可抗力因素造成的损失','YYWZC-ZRZHDBKKLYSZCDSS','','97','','','','','','','','','',NULL,'',NULL,'','','19','1','2017-08-22 09:32:24',NULL,NULL,'',NULL,NULL,''),
('0','50296','50063','2','','93','571110','税收滞纳金','营业外支出-税收滞纳金','YYWZC-SSZNJ','','97','','','','','','','','','',NULL,'',NULL,'','','19','1','2017-08-22 09:32:24',NULL,NULL,'',NULL,NULL,''),
('0','50297','50063','2','','93','571111','罚没损失','营业外支出-罚没损失','YYWZC-FMSS','','97','','','','','','','','','',NULL,'',NULL,'','','19','1','2017-08-22 09:32:24',NULL,NULL,'',NULL,NULL,''),
('0','50298','50063','2','','93','571199','其他营业外支出','营业外支出-其他营业外支出','YYWZC-QTYYWZC','','97','','','','','','','','','',NULL,'',NULL,'','','19','1','2017-08-22 09:32:24',NULL,NULL,'',NULL,NULL,''),
('0','50299','50097','3','','89','22110401','基本养老保险费','应付职工薪酬-社会保险费-基本养老保险费','YFZGXC-SHBXF-JBYLBXF','','97','','','','','','','','','',NULL,'',NULL,'','','19','1','2017-08-22 09:32:24',NULL,NULL,'',NULL,NULL,''),
('0','50300','50097','3','','89','22110402','补充养老保险费','应付职工薪酬-社会保险费-补充养老保险费','YFZGXC-SHBXF-BCYLBXF','','97','','','','','','','','','',NULL,'',NULL,'','','19','1','2017-08-22 09:32:24',NULL,NULL,'',NULL,NULL,''),
('0','50301','50097','3','','89','22110403','基本医疗保险费','应付职工薪酬-社会保险费-基本医疗保险费','YFZGXC-SHBXF-JBYLBXF','','97','','','','','','','','','',NULL,'',NULL,'','','19','1','2017-08-22 09:32:24',NULL,NULL,'',NULL,NULL,''),
('0','50302','50097','3','','89','22110404','补充医疗保险费','应付职工薪酬-社会保险费-补充医疗保险费','YFZGXC-SHBXF-BCYLBXF','','97','','','','','','','','','',NULL,'',NULL,'','','19','1','2017-08-22 09:32:24',NULL,NULL,'',NULL,NULL,''),
('0','50303','50097','3','','89','22110405','失业保险费','应付职工薪酬-社会保险费-失业保险费','YFZGXC-SHBXF-SYBXF','','97','','','','','','','','','',NULL,'',NULL,'','','19','1','2017-08-22 09:32:24',NULL,NULL,'',NULL,NULL,''),
('0','50304','50097','3','','89','22110406','生育保险费','应付职工薪酬-社会保险费-生育保险费','YFZGXC-SHBXF-SYBXF','','97','','','','','','','','','',NULL,'',NULL,'','','19','1','2017-08-22 09:32:24',NULL,NULL,'',NULL,NULL,''),
('0','50305','50097','3','','89','22110407','工伤保险费','应付职工薪酬-社会保险费-工伤保险费','YFZGXC-SHBXF-GSBXF','','97','','','','','','','','','',NULL,'',NULL,'','','19','1','2017-08-22 09:32:24',NULL,NULL,'',NULL,NULL,''),
('0','50306','50104','3','','89','22210101','进项税额','应交税费-应交增值税-进项税额','YJSF-YJZZS-JXSE','','350038','','','','','','','','','',NULL,'',NULL,'','','19','1','2017-09-06 15:35:21','',NULL,'',NULL,'',''),
('0','50307','50104','3','','89','22210102','销项税额抵减','应交税费-应交增值税-销项税额抵减','YJSF-YJZZS-XXSEDJ','','97','','','','','','','','','',NULL,'',NULL,'','','19','1','2017-08-22 09:32:24','',NULL,'',NULL,NULL,''),
('0','50308','50104','3','','89','22210103','已交税金','应交税费-应交增值税-已交税金','YJSF-YJZZS-YJSJ','','97','','','','','','','','','',NULL,'',NULL,'','','19','1','2017-08-22 09:32:24','',NULL,'',NULL,NULL,''),
('0','50309','50104','3','','89','22210104','减免税款','应交税费-应交增值税-减免税款','YJSF-YJZZS-JMSK','','350019','','','','','','','','','',NULL,'',NULL,'','','19','1','2017-08-22 09:32:24','',NULL,'',NULL,NULL,''),
('0','50310','50104','3','','89','22210105','出口抵减内销产品应纳税额','应交税费-应交增值税-出口抵减内销产品应纳税额','YJSF-YJZZS-CKDJNXCPYNSE','','97','','','','','','','','','',NULL,'',NULL,'','','19','1','2017-08-22 09:32:24','',NULL,'',NULL,NULL,''),
('0','50311','50104','3','','89','22210106','转出未交增值税','应交税费-应交增值税-转出未交增值税','YJSF-YJZZS-ZCWJZZS','','350020','','','','','','','','','',NULL,'',NULL,'','','19','1','2017-08-31 10:39:22','',NULL,'',NULL,'',''),
('0','50312','50104','3','','89','22210107','销项税额','应交税费-应交增值税-销项税额','YJSF-YJZZS-XXSE','','97','','','','','','','','','',NULL,'',NULL,'','','19','1','2017-08-31 10:39:22','',NULL,'',NULL,'',''),
('0','50313','50104','3','','89','22210108','出口退税','应交税费-应交增值税-出口退税','YJSF-YJZZS-CKTS','','97','','','','','','','','','',NULL,'',NULL,'','','19','1','2017-08-22 09:32:24','',NULL,'',NULL,NULL,''),
('0','50314','50104','3','','89','22210109','进项税额转出','应交税费-应交增值税-进项税额转出','YJSF-YJZZS-JXSEZC','','350040','','','','','','','','','',NULL,'',NULL,'','','19','1','2017-10-10 11:10:25','',NULL,'',NULL,'',''),
('0','50315','50196','3','','92','43010101','人员人工','研发支出-费用化支出-人员人工','YFZC-FYHZC-RYRG','','204','','','','','','','','','',NULL,'',NULL,'','','19','1','2017-08-22 09:32:24',NULL,NULL,'',NULL,NULL,''),
('0','50316','50196','3','','92','43010102','社会保险费','研发支出-费用化支出-社会保险费','YFZC-FYHZC-SHBXF','','204','','','','','','','','','',NULL,'',NULL,'','','19','1','2017-08-22 09:32:24',NULL,NULL,'',NULL,NULL,''),
('0','50317','50196','3','','92','43010103','住房公积金','研发支出-费用化支出-住房公积金','YFZC-FYHZC-ZFGJJ','','204','','','','','','','','','',NULL,'',NULL,'','','19','1','2017-08-22 09:32:24',NULL,NULL,'',NULL,NULL,''),
('0','50318','50196','3','','92','43010104','直接投入','研发支出-费用化支出-直接投入','YFZC-FYHZC-ZJTR','','204','','','','','','','','','',NULL,'',NULL,'','','19','1','2017-08-22 09:32:24',NULL,NULL,'',NULL,NULL,''),
('0','50319','50196','3','','92','43010105','折旧费用','研发支出-费用化支出-折旧费用','YFZC-FYHZC-ZJFY','','204','','','','','','','','','',NULL,'',NULL,'','','19','1','2017-08-22 09:32:24',NULL,NULL,'',NULL,NULL,''),
('0','50320','50196','3','','92','43010106','无形资产摊销','研发支出-费用化支出-无形资产摊销','YFZC-FYHZC-WXZCTX','','204','','','','','','','','','',NULL,'',NULL,'','','19','1','2017-08-22 09:32:24',NULL,NULL,'',NULL,NULL,''),
('0','50321','50196','3','','92','43010107','新产品设计费等','研发支出-费用化支出-新产品设计费等','YFZC-FYHZC-XCPSJFD','','204','','','','','','','','','',NULL,'',NULL,'','','19','1','2017-08-22 09:32:24',NULL,NULL,'',NULL,NULL,''),
('0','50322','50196','3','','92','43010108','其他费用','研发支出-费用化支出-其他费用','YFZC-FYHZC-QTFY','','204','','','','','','','','','',NULL,'',NULL,'','','19','1','2017-08-22 09:32:24',NULL,NULL,'',NULL,NULL,''),
('0','50323','50196','3','','92','43010109','委托研发投入','研发支出-费用化支出-委托研发投入','YFZC-FYHZC-WTYFTR','','204','','','','','','','','','',NULL,'',NULL,'','','19','1','2017-08-22 09:32:24',NULL,NULL,'',NULL,NULL,''),
('0','50324','50197','3','','92','43010201','职工工资','研发支出-资本化支出-职工工资','YFZC-ZBHZC-ZGGZ','','97','','','','','','','','','',NULL,'',NULL,'','','19','1','2017-08-22 09:32:24',NULL,NULL,'',NULL,NULL,''),
('0','50325','50197','3','','92','43010202','社会保险费','研发支出-资本化支出-社会保险费','YFZC-ZBHZC-SHBXF','','97','','','','','','','','','',NULL,'',NULL,'','','19','1','2017-08-22 09:32:24',NULL,NULL,'',NULL,NULL,''),
('0','50326','50197','3','','92','43010203','住房公积金','研发支出-资本化支出-住房公积金','YFZC-ZBHZC-ZFGJJ','','97','','','','','','','','','',NULL,'',NULL,'','','19','1','2017-08-22 09:32:24',NULL,NULL,'',NULL,NULL,''),
('0','50327','50197','3','','92','43010204','直接投入','研发支出-资本化支出-直接投入','YFZC-ZBHZC-ZJTR','','97','','','','','','','','','',NULL,'',NULL,'','','19','1','2017-08-22 09:32:24',NULL,NULL,'',NULL,NULL,''),
('0','50328','50197','3','','92','43010205','折旧费用','研发支出-资本化支出-折旧费用','YFZC-ZBHZC-ZJFY','','97','','','','','','','','','',NULL,'',NULL,'','','19','1','2017-08-22 09:32:24',NULL,NULL,'',NULL,NULL,''),
('0','50329','50197','3','','92','43010206','无形资产摊销','研发支出-资本化支出-无形资产摊销','YFZC-ZBHZC-WXZCTX','','97','','','','','','','','','',NULL,'',NULL,'','','19','1','2017-08-22 09:32:24',NULL,NULL,'',NULL,NULL,''),
('0','50330','50197','3','','92','43010207','新产品设计费等','研发支出-资本化支出-新产品设计费等','YFZC-ZBHZC-XCPSJFD','','97','','','','','','','','','',NULL,'',NULL,'','','19','1','2017-08-22 09:32:24',NULL,NULL,'',NULL,NULL,''),
('0','50331','50197','3','','92','43010208','其他费用','研发支出-资本化支出-其他费用','YFZC-ZBHZC-QTFY','','97','','','','','','','','','',NULL,'',NULL,'','','19','1','2017-08-22 09:32:24',NULL,NULL,'',NULL,NULL,''),
('0','50332','50197','3','','92','43010209','委托研发投入','研发支出-资本化支出-委托研发投入','YFZC-ZBHZC-WTYFTR','','97','','','','','','','','','',NULL,'',NULL,'','','19','1','2017-08-22 09:32:24',NULL,NULL,'',NULL,NULL,''),
('0','50333','50297','3','','93','57111101','行政罚款','营业外支出-罚没损失-行政罚款','YYWZC-FMSS-XZFK','','97','','','','','','','','','',NULL,'',NULL,'','','19','1','2017-08-22 09:32:24',NULL,NULL,'',NULL,NULL,''),
('0','50334','50297','3','','93','57111102','其他罚款及违约金','营业外支出-罚没损失-其他罚款及违约金','YYWZC-FMSS-QTFKJWYJ','','97','','','','','','','','','',NULL,'',NULL,'','','19','1','2017-08-22 09:32:24',NULL,NULL,'',NULL,NULL,''),
('0','50335','50037','2','','89','222121','应交营业税','应交税费-应交营业税','YJSF-YJYYS','','97','','','','','','','','','',NULL,'',NULL,'','','19','1','2017-08-22 09:32:24',NULL,NULL,'',NULL,NULL,''),
('0','50336','50037','2','','89','222122','应交消费税','应交税费-应交消费税','YJSF-YJXFS','','97','','','','','','','','','',NULL,'',NULL,'','','19','1','2017-08-22 09:32:24',NULL,NULL,'',NULL,NULL,''),
('0','50337','50037','2','','89','222123','应交资源税','应交税费-应交资源税','YJSF-YJZYS','','97','','','','','','','','','',NULL,'',NULL,'','','19','1','2017-08-22 09:32:24',NULL,NULL,'',NULL,NULL,''),
('0','50338','50037','2','','89','222124','应交所得税','应交税费-应交所得税','YJSF-YJSDS','','97','','','','','','','','','',NULL,'',NULL,'','','19','1','2017-08-22 09:32:24',NULL,NULL,'',NULL,NULL,''),
('0','50339','50037','2','','89','222125','应交土地增值税','应交税费-应交土地增值税','YJSF-YJTDZZS','','97','','','','','','','','','',NULL,'',NULL,'','','19','1','2017-08-22 09:32:24',NULL,NULL,'',NULL,NULL,''),
('0','50340','50037','2','','89','222126','应交城市维护建设税','应交税费-应交城市维护建设税','YJSF-YJCSWHJSS','','350027','','','','','','','','','',NULL,'',NULL,'','','19','1','2017-08-22 09:32:24',NULL,NULL,'',NULL,NULL,''),
('0','50341','50037','2','','89','222127','应交教育费附加','应交税费-应交教育费附加','YJSF-YJJYFFJ','','350028','','','','','','','','','',NULL,'',NULL,'','','19','1','2017-08-22 09:32:24',NULL,NULL,'',NULL,NULL,''),
('0','50342','50037','2','','89','222128','应交地方教育费附加','应交税费-应交地方教育费附加','YJSF-YJDFJYFFJ','','350029','','','','','','','','','',NULL,'',NULL,'','','19','1','2017-08-22 09:32:24',NULL,NULL,'',NULL,NULL,''),
('0','50343','50037','2','','89','222129','应交房产税','应交税费-应交房产税','YJSF-YJFCS','','97','','','','','','','','','',NULL,'',NULL,'','','19','1','2017-08-22 09:32:24',NULL,NULL,'',NULL,NULL,''),
('0','50344','50037','2','','89','222130','应交土地使用税','应交税费-应交土地使用税','YJSF-YJTDSYS','','97','','','','','','','','','',NULL,'',NULL,'','','19','1','2017-08-22 09:32:24',NULL,NULL,'',NULL,NULL,''),
('0','50345','50037','2','','89','222131','应交车船税','应交税费-应交车船税','YJSF-YJCCS','','97','','','','','','','','','',NULL,'',NULL,'','','19','1','2017-08-22 09:32:24',NULL,NULL,'',NULL,NULL,''),
('0','50346','50037','2','','89','222132','应交个人所得税','应交税费-应交个人所得税','YJSF-YJGRSDS','','97','','','','','','','','','',NULL,'',NULL,'','','19','1','2017-08-22 09:32:24',NULL,NULL,'',NULL,NULL,''),
('0','50347','50037','2','','89','222133','矿产资源补偿费','应交税费-矿产资源补偿费','YJSF-KCZYBCF','','97','','','','','','','','','',NULL,'',NULL,'','','19','1','2017-08-22 09:32:24',NULL,NULL,'',NULL,NULL,''),
('0','50349','50037','2','','89','222135','排污费','应交税费-排污费','YJSF-PWF','','97','','','','','','','','','',NULL,'',NULL,'','','19','1','2017-08-22 09:32:24',NULL,NULL,'',NULL,NULL,''),
('0','50350','50037','2','','89','222136','应交印花税','应交税费-应交印花税','YJSF-YJYHS','','97','','','','','','','','','',NULL,'',NULL,'','','19','1','2017-08-22 09:32:24',NULL,NULL,'',NULL,NULL,''),
('0','50351','50104','3','','89','22210110','转出多交增值税','应交税费-应交增值税-转出多交增值税','YJSF-YJZZS-ZCDJZZS','','350021','','','','','','','','','',NULL,'',NULL,'','','19','1','2017-08-22 09:32:24','',NULL,'',NULL,NULL,''),
('0','50352','50050','2','','92','400226','劳务费','劳务成本-劳务费','LWCB-LWF','','97','','','','','','','','','',NULL,'',NULL,'','','19','1','2017-08-22 09:32:24',NULL,NULL,'',NULL,NULL,''),
('0','50353','50051','2','','92','410126','劳务费','制造费用-劳务费','ZZFY-LWF','','97','','','','','','','','','',NULL,'',NULL,'','','19','1','2017-08-22 09:32:24',NULL,NULL,'',NULL,NULL,''),
('0','50354','50060','2','','93','560135','劳务费','销售费用-劳务费','XSFY-LWF','','97','','','','','','','','','',NULL,'',NULL,'','','19','1','2017-08-22 09:32:24',NULL,NULL,'',NULL,NULL,''),
('0','50355','50061','2','','93','560238','劳务费','管理费用-劳务费','GLFY-LWF','','97','','','','','','','','','',NULL,'',NULL,'','','19','1','2017-08-22 09:32:24',NULL,NULL,'',NULL,NULL,''),
('0','50356','50040','2','','89','224104','员工垫付','其他应付款-员工垫付','QTYFK-YGDF','','210','','','','','','','','','',NULL,'',NULL,'','','19','1','2017-08-22 09:32:24',NULL,NULL,'',NULL,NULL,''),
('0','50357','50050','2','','92','400227','仓储费','劳务成本-仓储费','LWCB-CCF','','97','','','','','','','','','',NULL,'',NULL,'','','19','1','2017-08-22 09:32:24',NULL,NULL,'',NULL,NULL,''),
('0','50358','50051','2','','92','410127','仓储费','制造费用-仓储费','ZZFY-CCF','','97','','','','','','','','','',NULL,'',NULL,'','','19','1','2017-08-22 09:32:24',NULL,NULL,'',NULL,NULL,''),
('0','50359','50060','2','','93','560136','仓储费','销售费用-仓储费','XSFY-CCF','','97','','','','','','','','','',NULL,'',NULL,'','','19','1','2017-08-22 09:32:24',NULL,NULL,'',NULL,NULL,''),
('0','50360','50061','2','','93','560239','仓储费','管理费用-仓储费','GLFY-CCF','','97','','','','','','','','','',NULL,'',NULL,'','','19','1','2017-08-22 09:32:24',NULL,NULL,'',NULL,NULL,''),
('0','50361','50002','2','','88','100201','银行基本户','银行存款-银行基本户','YXCK-YXJBH','','96','','','','','','','','','',NULL,'',NULL,'','','19','1','2017-08-22 09:32:24',NULL,'1','',NULL,NULL,''),
('0','50362','50050','2','','92','400228','长期待摊费用摊销','劳务成本-长期待摊费用摊销','LWCB-CQDTFYTX','','97','','','','','','','','','',NULL,'',NULL,'','','19','1','2017-08-22 09:32:24',NULL,NULL,'',NULL,NULL,''),
('0','50363','50051','2','','92','410128','长期待摊费用摊销','制造费用-长期待摊费用摊销','ZZFY-CQDTFYTX','','97','','','','','','','','','',NULL,'',NULL,'','','19','1','2017-08-22 09:32:24',NULL,NULL,'',NULL,NULL,''),
('0','50364','50060','2','','93','560137','长期待摊费用摊销','销售费用-长期待摊费用摊销','XSFY-CQDTFYTX','','97','','','','','','','','','',NULL,'',NULL,'','','19','1','2017-08-22 09:32:24',NULL,NULL,'',NULL,NULL,''),
('0','50365','50085','3','','88','16010101','房屋建筑物','固定资产-自有固定资产-房屋建筑物','GDZC-ZYGDZC-FWJZW','','97','','','','','','','','','',NULL,'',NULL,'','','19','1','2017-08-22 09:32:24',NULL,NULL,'',NULL,NULL,''),
('0','50366','50085','3','','88','16010102','机器设备','固定资产-自有固定资产-机器设备','GDZC-ZYGDZC-JQSB','','97','','','','','','','','','',NULL,'',NULL,'','','19','1','2017-08-22 09:32:24',NULL,NULL,'',NULL,NULL,''),
('0','50367','50085','3','','88','16010103','办公家具','固定资产-自有固定资产-办公家具','GDZC-ZYGDZC-BGJJ','','97','','','','','','','','','',NULL,'',NULL,'','','19','1','2017-08-22 09:32:24',NULL,NULL,'',NULL,NULL,''),
('0','50368','50085','3','','88','16010104','运输工具','固定资产-自有固定资产-运输工具','GDZC-ZYGDZC-YSGJ','','97','','','','','','','','','',NULL,'',NULL,'','','19','1','2017-08-22 09:32:24',NULL,NULL,'',NULL,NULL,''),
('0','50369','50085','3','','88','16010105','电子设备','固定资产-自有固定资产-电子设备','GDZC-ZYGDZC-DZSB','','97','','','','','','','','','',NULL,'',NULL,'','','19','1','2017-08-22 09:32:24',NULL,NULL,'',NULL,NULL,''),
('0','50370','50022','2','','88','160201','房屋建筑物','累计折旧-房屋建筑物','LJZJ-FWJZW','','97','','','','','','','','','',NULL,'',NULL,'','','19','1','2017-08-22 09:32:24',NULL,NULL,'',NULL,NULL,''),
('0','50371','50022','2','','88','160202','机器设备','累计折旧-机器设备','LJZJ-JQSB','','97','','','','','','','','','',NULL,'',NULL,'','','19','1','2017-08-22 09:32:24',NULL,NULL,'',NULL,NULL,''),
('0','50372','50022','2','','88','160203','办公家具','累计折旧-办公家具','LJZJ-BGJJ','','97','','','','','','','','','',NULL,'',NULL,'','','19','1','2017-08-22 09:32:24',NULL,NULL,'',NULL,NULL,''),
('0','50373','50022','2','','88','160204','运输工具','累计折旧-运输工具','LJZJ-YSGJ','','97','','','','','','','','','',NULL,'',NULL,'','','19','1','2017-08-22 09:32:24',NULL,NULL,'',NULL,NULL,''),
('0','50374','50022','2','','88','160205','电子设备','累计折旧-电子设备','LJZJ-DZSB','','97','','','','','','','','','',NULL,'',NULL,'','','19','1','2017-08-22 09:32:24',NULL,NULL,'',NULL,NULL,''),
('0','50375','50029','2','','88','170201','土地使用权','累计摊销-土地使用权','LJTX-TDSYQ','','97','','','','','','','','','',NULL,'',NULL,'','','19','1','2017-08-22 09:32:24',NULL,NULL,'',NULL,NULL,''),
('0','50376','50029','2','','88','170202','专利权','累计摊销-专利权','LJTX-ZLQ','','97','','','','','','','','','',NULL,'',NULL,'','','19','1','2017-08-22 09:32:24',NULL,NULL,'',NULL,NULL,''),
('0','50377','50029','2','','88','170203','商标权','累计摊销-商标权','LJTX-SBQ','','97','','','','','','','','','',NULL,'',NULL,'','','19','1','2017-08-22 09:32:24',NULL,NULL,'',NULL,NULL,''),
('0','50378','50029','2','','88','170204','著作权','累计摊销-著作权','LJTX-ZZQ','','97','','','','','','','','','',NULL,'',NULL,'','','19','1','2017-08-22 09:32:24',NULL,NULL,'',NULL,NULL,''),
('0','50379','50029','2','','88','170205','非专利技术','累计摊销-非专利技术','LJTX-FZLJS','','97','','','','','','','','','',NULL,'',NULL,'','','19','1','2017-08-22 09:32:24',NULL,NULL,'',NULL,NULL,''),
('0','50380','50107','3','','89','22210401','不动产','应交税费-待抵扣进项税额-不动产','YJSF-DDKJXSE-BDC','','350014','','','','','','','','','',NULL,'',NULL,'','','19','1','2017-08-22 09:32:24','',NULL,'',NULL,NULL,''),
('0','50381','50107','3','','89','22210402','其他','应交税费-待抵扣进项税额-其他','YJSF-DDKJXSE-QT','','97','','','','','','','','','',NULL,'',NULL,'','','19','1','2017-08-22 09:32:24','',NULL,'',NULL,NULL,''),
('0','50382','50028','2','','88','170106','特许权使用费','无形资产-特许权使用费','WXZC-TXQSYF','','97','','','','','','','','','',NULL,'',NULL,'','','19','1','2017-08-22 09:32:24',NULL,NULL,'',NULL,NULL,''),
('0','50383','50028','2','','88','170107','其他','无形资产-其他','WXZC-QT','','97','','','','','','','','','',NULL,'',NULL,'','','19','1','2017-08-22 09:32:24',NULL,NULL,'',NULL,NULL,''),
('0','50384','50029','2','','88','170206','特许权使用费','累计摊销-特许权使用费','LJTX-TXQSYF','','97','','','','','','','','','',NULL,'',NULL,'','','19','1','2017-08-22 09:32:24',NULL,NULL,'',NULL,NULL,''),
('0','50385','50029','2','','88','170207','其他','累计摊销-其他','LJTX-QT','','97','','','','','','','','','',NULL,'',NULL,'','','19','1','2017-08-22 09:32:24',NULL,NULL,'',NULL,NULL,''),
('0','50386','50010','2','','88','122103','税费返还','其他应收款-税费返还','QTYSK-SFFH','','350032','','','','','','','','','',NULL,'',NULL,'','','19','1','2017-08-31 10:39:35',NULL,NULL,'',NULL,NULL,''),
('0','50387','50037','2','','89','222137','应交水利建设基金','应交税费-应交水利建设基金','YJSF-YJSLJSJJ','','350039','','','','','','','','','',NULL,'',NULL,'','','19','1','2017-10-12 15:49:07',NULL,NULL,'',NULL,NULL,'');
